scenario,parameter,value,protocol,metric,mean,ci95,n_runs,censored_fraction
s6_depth,waterDepth,100.0,Adaptive-IoUT-VBF,throughput_kbps,0.9520639999999998,0.09563175464202023,20,0.0
s6_depth,waterDepth,200.0,Adaptive-IoUT-VBF,throughput_kbps,0.950272,0.08197816320751128,20,0.0
s6_depth,waterDepth,300.0,Adaptive-IoUT-VBF,throughput_kbps,0.9404159999999999,0.10073503524808514,20,0.0
s6_depth,waterDepth,500.0,Adaptive-IoUT-VBF,throughput_kbps,0.9915520000000001,0.11190282971303378,20,0.0
s6_depth,waterDepth,700.0,Adaptive-IoUT-VBF,throughput_kbps,0.9772799999999998,0.10959403938165403,20,0.0
s6_depth,waterDepth,1000.0,Adaptive-IoUT-VBF,throughput_kbps,0.9173120000000002,0.13442623539135906,20,0.0
s6_depth,waterDepth,100.0,Classic-VBF,throughput_kbps,0.52032,0.02304356910750434,20,0.0
s6_depth,waterDepth,200.0,Classic-VBF,throughput_kbps,0.467204,0.028409066388551844,20,0.0
s6_depth,waterDepth,300.0,Classic-VBF,throughput_kbps,0.457448,0.031038633025396337,20,0.0
s6_depth,waterDepth,500.0,Classic-VBF,throughput_kbps,0.409752,0.02886787895675394,20,0.0
s6_depth,waterDepth,700.0,Classic-VBF,throughput_kbps,0.331704,0.033908563963185916,20,0.0
s6_depth,waterDepth,1000.0,Classic-VBF,throughput_kbps,0.23739600000000002,0.032165961607888295,20,0.0
s6_depth,waterDepth,100.0,HHVBF,throughput_kbps,0.492136,0.02775789356009939,20,0.0
s6_depth,waterDepth,200.0,HHVBF,throughput_kbps,0.44986000000000004,0.031034268456292938,20,0.0
s6_depth,waterDepth,300.0,HHVBF,throughput_kbps,0.468288,0.028010508228663245,20,0.0
s6_depth,waterDepth,500.0,HHVBF,throughput_kbps,0.42384400000000005,0.02338782682983375,20,0.0
s6_depth,waterDepth,700.0,HHVBF,throughput_kbps,0.34362799999999993,0.030753647664422974,20,0.0
s6_depth,waterDepth,1000.0,HHVBF,throughput_kbps,0.263412,0.033454096672386344,20,0.0
s6_depth,waterDepth,100.0,DBR,throughput_kbps,0.018706,0.001651621660850106,20,0.0
s6_depth,waterDepth,200.0,DBR,throughput_kbps,0.017484,0.0021758970496971682,20,0.0
s6_depth,waterDepth,300.0,DBR,throughput_kbps,0.020774,0.0022743203215813035,20,0.0
s6_depth,waterDepth,500.0,DBR,throughput_kbps,0.017108000000000005,0.0023173572151631325,20,0.0
s6_depth,waterDepth,700.0,DBR,throughput_kbps,0.014852,0.0025675832742002433,20,0.0
s6_depth,waterDepth,1000.0,DBR,throughput_kbps,0.011186,0.002379384098474092,20,0.0
s6_depth,waterDepth,100.0,Adaptive-IoUT-VBF,pdr_pct,53.69516169999999,2.6235237788265544,20,0.0
s6_depth,waterDepth,200.0,Adaptive-IoUT-VBF,pdr_pct,52.8418635,1.8645940021772245,20,0.0
s6_depth,waterDepth,300.0,Adaptive-IoUT-VBF,pdr_pct,51.3535066,2.57388144712123,20,0.0
s6_depth,waterDepth,500.0,Adaptive-IoUT-VBF,pdr_pct,47.367093749999995,3.4992089638736297,20,0.0
s6_depth,waterDepth,700.0,Adaptive-IoUT-VBF,pdr_pct,41.96817905,4.088571614921629,20,0.0
s6_depth,waterDepth,1000.0,Adaptive-IoUT-VBF,pdr_pct,35.83718075,4.722966019324294,20,0.0
s6_depth,waterDepth,100.0,Classic-VBF,pdr_pct,14.5940263,0.6441306675504325,20,0.0
s6_depth,waterDepth,200.0,Classic-VBF,pdr_pct,13.1037946,0.7927729432266555,20,0.0
s6_depth,waterDepth,300.0,Classic-VBF,pdr_pct,12.8308917,0.8692951318787404,20,0.0
s6_depth,waterDepth,500.0,Classic-VBF,pdr_pct,11.491248800000003,0.8037222230556359,20,0.0
s6_depth,waterDepth,700.0,Classic-VBF,pdr_pct,9.3075805,0.9609912604621724,20,0.0
s6_depth,waterDepth,1000.0,Classic-VBF,pdr_pct,6.6604659,0.9064128486330673,20,0.0
s6_depth,waterDepth,100.0,HHVBF,pdr_pct,13.804110699999999,0.7791387429246958,20,0.0
s6_depth,waterDepth,200.0,HHVBF,pdr_pct,12.6180132,0.870019838092335,20,0.0
s6_depth,waterDepth,300.0,HHVBF,pdr_pct,13.134100049999997,0.7815055094910043,20,0.0
s6_depth,waterDepth,500.0,HHVBF,pdr_pct,11.88740775,0.6537705310765103,20,0.0
s6_depth,waterDepth,700.0,HHVBF,pdr_pct,9.6384936,0.8649589468352145,20,0.0
s6_depth,waterDepth,1000.0,HHVBF,pdr_pct,7.389962849999999,0.9422846969102472,20,0.0
s6_depth,waterDepth,100.0,DBR,pdr_pct,6.0488417,0.5297967993410051,20,0.0
s6_depth,waterDepth,200.0,DBR,pdr_pct,5.657876849999999,0.708724524595857,20,0.0
s6_depth,waterDepth,300.0,DBR,pdr_pct,6.71828435,0.7335208672542507,20,0.0
s6_depth,waterDepth,500.0,DBR,pdr_pct,5.5342468,0.7507558066965644,20,0.0
s6_depth,waterDepth,700.0,DBR,pdr_pct,4.805121849999999,0.8329463209993226,20,0.0
s6_depth,waterDepth,1000.0,DBR,pdr_pct,3.6210907499999996,0.7732485906648006,20,0.0
s6_depth,waterDepth,100.0,Adaptive-IoUT-VBF,mean_delay_s,0.8520688999999999,0.0485681953136714,20,0.0
s6_depth,waterDepth,200.0,Adaptive-IoUT-VBF,mean_delay_s,0.86282445,0.062319631943336055,20,0.0
s6_depth,waterDepth,300.0,Adaptive-IoUT-VBF,mean_delay_s,0.8659653500000001,0.04184091640513512,20,0.0
s6_depth,waterDepth,500.0,Adaptive-IoUT-VBF,mean_delay_s,1.2230997999999997,0.09995868596986579,20,0.0
s6_depth,waterDepth,700.0,Adaptive-IoUT-VBF,mean_delay_s,1.5601113,0.13303914897108993,20,0.0
s6_depth,waterDepth,1000.0,Adaptive-IoUT-VBF,mean_delay_s,2.2431341,0.26324293784518554,20,0.0
s6_depth,waterDepth,100.0,Classic-VBF,mean_delay_s,3.6596056500000005,0.18558608193377704,20,0.0
s6_depth,waterDepth,200.0,Classic-VBF,mean_delay_s,3.3482762,0.19016287890430794,20,0.0
s6_depth,waterDepth,300.0,Classic-VBF,mean_delay_s,3.38092015,0.19179943229913943,20,0.0
s6_depth,waterDepth,500.0,Classic-VBF,mean_delay_s,3.67098765,0.2357663357148827,20,0.0
s6_depth,waterDepth,700.0,Classic-VBF,mean_delay_s,4.066111050000002,0.3905672741411214,20,0.0
s6_depth,waterDepth,1000.0,Classic-VBF,mean_delay_s,4.629014199999999,0.5369988826277982,20,0.0
s6_depth,waterDepth,100.0,HHVBF,mean_delay_s,3.5115778499999997,0.16817031293172255,20,0.0
s6_depth,waterDepth,200.0,HHVBF,mean_delay_s,3.2436429499999995,0.21394972418125435,20,0.0
s6_depth,waterDepth,300.0,HHVBF,mean_delay_s,3.34861105,0.18784850931518118,20,0.0
s6_depth,waterDepth,500.0,HHVBF,mean_delay_s,3.7048152499999993,0.24315417291539287,20,0.0
s6_depth,waterDepth,700.0,HHVBF,mean_delay_s,4.252908700000001,0.356830616571186,20,0.0
s6_depth,waterDepth,1000.0,HHVBF,mean_delay_s,4.89912295,0.6018657970355534,20,0.0
s6_depth,waterDepth,100.0,DBR,mean_delay_s,9.719303,1.35881700089382,20,0.0
s6_depth,waterDepth,200.0,DBR,mean_delay_s,13.919379149999997,5.632865208655344,20,0.0
s6_depth,waterDepth,300.0,DBR,mean_delay_s,15.520803599999999,2.833346450786677,20,0.0
s6_depth,waterDepth,500.0,DBR,mean_delay_s,20.492959749999997,4.443308892627385,20,0.0
s6_depth,waterDepth,700.0,DBR,mean_delay_s,25.39982095,6.869192288118953,20,0.0
s6_depth,waterDepth,1000.0,DBR,mean_delay_s,28.858752699999997,12.937547217629842,20,0.0
s6_depth,waterDepth,100.0,Adaptive-IoUT-VBF,mean_hops,0.24133305,0.02977038713406872,20,0.0
s6_depth,waterDepth,200.0,Adaptive-IoUT-VBF,mean_hops,0.23560875,0.0442897573255788,20,0.0
s6_depth,waterDepth,300.0,Adaptive-IoUT-VBF,mean_hops,0.2286501,0.02798680623447685,20,0.0
s6_depth,waterDepth,500.0,Adaptive-IoUT-VBF,mean_hops,0.4493393,0.06870519370315095,20,0.0
s6_depth,waterDepth,700.0,Adaptive-IoUT-VBF,mean_hops,0.6598366499999999,0.09647660387405844,20,0.0
s6_depth,waterDepth,1000.0,Adaptive-IoUT-VBF,mean_hops,1.1292295499999998,0.19970849703804755,20,0.0
s6_depth,waterDepth,100.0,Classic-VBF,mean_hops,1.0,0.0,20,0.0
s6_depth,waterDepth,200.0,Classic-VBF,mean_hops,1.0,0.0,20,0.0
s6_depth,waterDepth,300.0,Classic-VBF,mean_hops,1.0,0.0,20,0.0
s6_depth,waterDepth,500.0,Classic-VBF,mean_hops,1.0,0.0,20,0.0
s6_depth,waterDepth,700.0,Classic-VBF,mean_hops,1.0,0.0,20,0.0
s6_depth,waterDepth,1000.0,Classic-VBF,mean_hops,1.0,0.0,20,0.0
s6_depth,waterDepth,100.0,HHVBF,mean_hops,1.0,0.0,20,0.0
s6_depth,waterDepth,200.0,HHVBF,mean_hops,1.0,0.0,20,0.0
s6_depth,waterDepth,300.0,HHVBF,mean_hops,1.0,0.0,20,0.0
s6_depth,waterDepth,500.0,HHVBF,mean_hops,1.0,0.0,20,0.0
s6_depth,waterDepth,700.0,HHVBF,mean_hops,1.0,0.0,20,0.0
s6_depth,waterDepth,1000.0,HHVBF,mean_hops,1.0,0.0,20,0.0
s6_depth,waterDepth,100.0,DBR,mean_hops,0.7926737500000001,0.10788706190370317,20,0.0
s6_depth,waterDepth,200.0,DBR,mean_hops,0.7628386,0.14632836771580102,20,0.0
s6_depth,waterDepth,300.0,DBR,mean_hops,0.9647044499999999,0.13274613434334612,20,0.0
s6_depth,waterDepth,500.0,DBR,mean_hops,1.1761323999999997,0.2201887995747161,20,0.0
s6_depth,waterDepth,700.0,DBR,mean_hops,1.41407175,0.2946680922476547,20,0.0
s6_depth,waterDepth,1000.0,DBR,mean_hops,1.2805681500000001,0.27519831805607153,20,0.0
s6_depth,waterDepth,100.0,Adaptive-IoUT-VBF,energy_gap_J,1.5550175,0.152616809030757,20,0.0
s6_depth,waterDepth,200.0,Adaptive-IoUT-VBF,energy_gap_J,1.7112093000000002,0.18390029939526661,20,0.0
s6_depth,waterDepth,300.0,Adaptive-IoUT-VBF,energy_gap_J,1.86527355,0.18462361995496207,20,0.0
s6_depth,waterDepth,500.0,Adaptive-IoUT-VBF,energy_gap_J,2.3453163000000004,0.23309856610246277,20,0.0
s6_depth,waterDepth,700.0,Adaptive-IoUT-VBF,energy_gap_J,2.7600275499999998,0.22819903044087916,20,0.0
s6_depth,waterDepth,1000.0,Adaptive-IoUT-VBF,energy_gap_J,2.9446845500000003,0.2496505918947655,20,0.0
s6_depth,waterDepth,100.0,Classic-VBF,energy_gap_J,2.82964995,0.2892279334532947,20,0.0
s6_depth,waterDepth,200.0,Classic-VBF,energy_gap_J,3.2927093500000004,0.30529347358340936,20,0.0
s6_depth,waterDepth,300.0,Classic-VBF,energy_gap_J,3.6446304499999997,0.4212880394304208,20,0.0
s6_depth,waterDepth,500.0,Classic-VBF,energy_gap_J,4.53502315,0.47894875576146895,20,0.0
s6_depth,waterDepth,700.0,Classic-VBF,energy_gap_J,5.267931999999999,0.56287499804002,20,0.0
s6_depth,waterDepth,1000.0,Classic-VBF,energy_gap_J,6.24578105,0.7943959780067309,20,0.0
s6_depth,waterDepth,100.0,HHVBF,energy_gap_J,2.9718231,0.2607626922067975,20,0.0
s6_depth,waterDepth,200.0,HHVBF,energy_gap_J,3.3551706499999994,0.3412183925292256,20,0.0
s6_depth,waterDepth,300.0,HHVBF,energy_gap_J,3.7079908500000003,0.3193596945402507,20,0.0
s6_depth,waterDepth,500.0,HHVBF,energy_gap_J,4.33876665,0.49383809476075,20,0.0
s6_depth,waterDepth,700.0,HHVBF,energy_gap_J,5.195328900000001,0.6513971617369996,20,0.0
s6_depth,waterDepth,1000.0,HHVBF,energy_gap_J,6.08314225,0.832264585997939,20,0.0
s6_depth,waterDepth,100.0,DBR,energy_gap_J,3.863066599999999,0.4182338982897134,20,0.0
s6_depth,waterDepth,200.0,DBR,energy_gap_J,4.00919295,0.5075900950195449,20,0.0
s6_depth,waterDepth,300.0,DBR,energy_gap_J,4.35416735,0.5313920633733856,20,0.0
s6_depth,waterDepth,500.0,DBR,energy_gap_J,5.2447514,0.575353912104397,20,0.0
s6_depth,waterDepth,700.0,DBR,energy_gap_J,5.9735602000000005,0.4755280376455057,20,0.0
s6_depth,waterDepth,1000.0,DBR,energy_gap_J,6.70998235,0.4788127772742375,20,0.0
s6_depth,waterDepth,100.0,Adaptive-IoUT-VBF,lifetime_s,,,0,1.0
s6_depth,waterDepth,200.0,Adaptive-IoUT-VBF,lifetime_s,,,0,1.0
s6_depth,waterDepth,300.0,Adaptive-IoUT-VBF,lifetime_s,,,0,1.0
s6_depth,waterDepth,500.0,Adaptive-IoUT-VBF,lifetime_s,,,0,1.0
s6_depth,waterDepth,700.0,Adaptive-IoUT-VBF,lifetime_s,,,0,1.0
s6_depth,waterDepth,1000.0,Adaptive-IoUT-VBF,lifetime_s,,,0,1.0
s6_depth,waterDepth,100.0,Classic-VBF,lifetime_s,,,0,1.0
s6_depth,waterDepth,200.0,Classic-VBF,lifetime_s,,,0,1.0
s6_depth,waterDepth,300.0,Classic-VBF,lifetime_s,,,0,1.0
s6_depth,waterDepth,500.0,Classic-VBF,lifetime_s,,,0,1.0
s6_depth,waterDepth,700.0,Classic-VBF,lifetime_s,,,0,1.0
s6_depth,waterDepth,1000.0,Classic-VBF,lifetime_s,,,0,1.0
s6_depth,waterDepth,100.0,HHVBF,lifetime_s,,,0,1.0
s6_depth,waterDepth,200.0,HHVBF,lifetime_s,,,0,1.0
s6_depth,waterDepth,300.0,HHVBF,lifetime_s,,,0,1.0
s6_depth,waterDepth,500.0,HHVBF,lifetime_s,,,0,1.0
s6_depth,waterDepth,700.0,HHVBF,lifetime_s,,,0,1.0
s6_depth,waterDepth,1000.0,HHVBF,lifetime_s,,,0,1.0
s6_depth,waterDepth,100.0,DBR,lifetime_s,,,0,1.0
s6_depth,waterDepth,200.0,DBR,lifetime_s,,,0,1.0
s6_depth,waterDepth,300.0,DBR,lifetime_s,,,0,1.0
s6_depth,waterDepth,500.0,DBR,lifetime_s,,,0,1.0
s6_depth,waterDepth,700.0,DBR,lifetime_s,,,0,1.0
s6_depth,waterDepth,1000.0,DBR,lifetime_s,,,0,1.0
