label,protocol,seed,nNodes,nSources,fieldSize,waterDepth,maxSpeed,basePipeR,commRange,packetInterval,payloadBytes,bitRate,simTime,generated,delivered,duplicates,dropped,transmissions,fallbacks,pdr_pct,throughput_kbps,mean_delay_s,mean_hops,lifetime_s,lifetime_censored,jain_fairness,energy_gap_J,mean_consumed_J
s6_depth,adaptive,1,50,5,500.000000,100.000000,3.000000,150.000000,120.000000,6.000000,512,10000.000000,200.000000,164,89,117,11,1224,17,54.268293,1.381120,1.468208,0.674157,-1.000000,1,0.935689,4.063900,30.546000
s6_depth,adaptive,2,50,5,500.000000,100.000000,3.000000,150.000000,120.000000,6.000000,512,10000.000000,200.000000,164,106,146,9,1310,5,64.634146,1.690880,2.131014,1.216981,-1.000000,1,0.966243,2.311128,33.644000
s6_depth,adaptive,3,50,5,500.000000,100.000000,3.000000,150.000000,120.000000,6.000000,512,10000.000000,200.000000,165,91,111,9,1238,16,55.151515,1.402880,1.673531,0.857143,-1.000000,1,0.936875,3.828451,29.336000
s6_depth,adaptive,4,50,5,500.000000,100.000000,3.000000,150.000000,120.000000,6.000000,512,10000.000000,200.000000,163,84,112,26,1237,26,51.533742,1.201920,1.017016,0.345238,-1.000000,1,0.950890,3.029536,30.068000
s6_depth,adaptive,5,50,5,500.000000,100.000000,3.000000,150.000000,120.000000,6.000000,512,10000.000000,200.000000,165,84,92,34,1279,21,50.909091,1.374720,1.525037,0.702381,-1.000000,1,0.951884,2.959164,29.992000
s6_depth,adaptive,6,50,5,500.000000,100.000000,3.000000,150.000000,120.000000,6.000000,512,10000.000000,200.000000,165,81,95,17,1290,8,49.090909,1.294080,1.809759,0.950617,-1.000000,1,0.933885,4.128653,30.156000
s6_depth,adaptive,7,50,5,500.000000,100.000000,3.000000,150.000000,120.000000,6.000000,512,10000.000000,200.000000,165,92,120,22,1221,5,55.757576,1.365760,1.691719,0.880435,-1.000000,1,0.944289,3.531665,30.788000
s6_depth,adaptive,8,50,5,500.000000,100.000000,3.000000,150.000000,120.000000,6.000000,512,10000.000000,200.000000,164,53,99,66,1270,15,32.317073,0.624640,2.005412,1.188679,-1.000000,1,0.953182,2.970358,30.962000
s6_depth,adaptive,9,50,5,500.000000,100.000000,3.000000,150.000000,120.000000,6.000000,512,10000.000000,200.000000,163,63,107,38,1264,9,38.650307,0.887040,1.905151,1.079365,-1.000000,1,0.940989,3.545812,29.130000
s6_depth,adaptive,10,50,5,500.000000,100.000000,3.000000,150.000000,120.000000,6.000000,512,10000.000000,200.000000,165,88,78,15,1362,1,53.333333,1.379840,1.457263,0.659091,-1.000000,1,0.975176,1.588145,31.586000
s6_depth,adaptive,11,50,5,500.000000,100.000000,3.000000,150.000000,120.000000,6.000000,512,10000.000000,200.000000,165,75,128,38,1172,48,45.454545,1.017600,1.308246,0.600000,-1.000000,1,0.947377,3.162423,29.236000
s6_depth,adaptive,12,50,5,500.000000,100.000000,3.000000,150.000000,120.000000,6.000000,512,10000.000000,200.000000,165,49,115,44,1210,11,29.696970,0.561920,1.253014,0.632653,-1.000000,1,0.952360,2.945144,30.156000
s6_depth,adaptive,13,50,5,500.000000,100.000000,3.000000,150.000000,120.000000,6.000000,512,10000.000000,200.000000,165,82,102,66,1308,33,49.696970,1.218560,1.224157,0.475610,-1.000000,1,0.952906,3.076941,31.880000
s6_depth,adaptive,14,50,5,500.000000,100.000000,3.000000,150.000000,120.000000,6.000000,512,10000.000000,200.000000,165,74,159,27,1333,13,44.848485,1.035520,2.209207,1.324324,-1.000000,1,0.953445,2.904034,30.446000
s6_depth,adaptive,15,50,5,500.000000,100.000000,3.000000,150.000000,120.000000,6.000000,512,10000.000000,200.000000,164,88,89,32,1289,12,53.658537,1.360640,1.680688,0.863636,-1.000000,1,0.955625,2.726314,30.022000
s6_depth,adaptive,16,50,5,500.000000,100.000000,3.000000,150.000000,120.000000,6.000000,512,10000.000000,200.000000,165,80,112,47,1308,15,48.484848,1.177600,1.739709,0.962500,-1.000000,1,0.962392,2.338143,30.490000
s6_depth,adaptive,17,50,5,500.000000,100.000000,3.000000,150.000000,120.000000,6.000000,512,10000.000000,200.000000,163,84,113,26,1287,6,51.533742,1.336320,2.212770,1.357143,-1.000000,1,0.945580,3.334508,29.780000
s6_depth,adaptive,18,50,5,500.000000,100.000000,3.000000,150.000000,120.000000,6.000000,512,10000.000000,200.000000,165,86,112,7,1292,0,52.121212,1.204480,1.923961,1.104651,-1.000000,1,0.951427,3.014690,30.260000
s6_depth,adaptive,19,50,5,500.000000,100.000000,3.000000,150.000000,120.000000,6.000000,512,10000.000000,200.000000,165,82,178,9,1195,4,49.696970,1.103360,1.829668,1.000000,-1.000000,1,0.936288,4.056842,30.790000
s6_depth,vbf,1,50,5,500.000000,100.000000,3.000000,150.000000,120.000000,6.000000,512,10000.000000,200.000000,164,19,78,0,574,0,11.585366,0.411920,3.578861,1.000000,-1.000000,1,0.748115,7.998788,13.590000
s6_depth,adaptive,20,50,5,500.000000,100.000000,3.000000,150.000000,120.000000,6.000000,512,10000.000000,200.000000,164,119,110,47,1273,16,72.560976,1.957120,1.383786,0.596639,-1.000000,1,0.950150,3.077835,30.082000
s6_depth,vbf,2,50,5,500.000000,100.000000,3.000000,150.000000,120.000000,6.000000,512,10000.000000,200.000000,164,20,79,0,708,0,12.195122,0.433600,4.719991,1.000000,-1.000000,1,0.907665,3.142267,16.192000
s6_depth,vbf,3,50,5,500.000000,100.000000,3.000000,150.000000,120.000000,6.000000,512,10000.000000,200.000000,165,17,84,0,561,0,10.303030,0.368560,4.276093,1.000000,-1.000000,1,0.751623,7.418287,12.816000
s6_depth,vbf,5,50,5,500.000000,100.000000,3.000000,150.000000,120.000000,6.000000,512,10000.000000,200.000000,165,16,85,0,635,0,9.696970,0.346880,3.591354,1.000000,-1.000000,1,0.781991,7.081319,14.254000
s6_depth,vbf,4,50,5,500.000000,100.000000,3.000000,150.000000,120.000000,6.000000,512,10000.000000,200.000000,163,19,76,0,616,0,11.656442,0.411920,4.051865,1.000000,-1.000000,1,0.739334,8.427078,13.742000
s6_depth,vbf,6,50,5,500.000000,100.000000,3.000000,150.000000,120.000000,6.000000,512,10000.000000,200.000000,165,18,96,0,573,0,10.909091,0.390240,4.951978,1.000000,-1.000000,1,0.766999,6.909474,12.872000
s6_depth,vbf,7,50,5,500.000000,100.000000,3.000000,150.000000,120.000000,6.000000,512,10000.000000,200.000000,165,23,75,0,560,0,13.939394,0.498640,4.598157,1.000000,-1.000000,1,0.745900,7.803270,13.120000
s6_depth,vbf,8,50,5,500.000000,100.000000,3.000000,150.000000,120.000000,6.000000,512,10000.000000,200.000000,164,19,38,0,622,0,11.585366,0.411920,5.495051,1.000000,-1.000000,1,0.777783,7.100756,13.980000
s6_depth,vbf,9,50,5,500.000000,100.000000,3.000000,150.000000,120.000000,6.000000,512,10000.000000,200.000000,163,18,66,0,576,0,11.042945,0.390240,4.237340,1.000000,-1.000000,1,0.728919,8.394694,13.056000
s6_depth,vbf,11,50,5,500.000000,100.000000,3.000000,150.000000,120.000000,6.000000,512,10000.000000,200.000000,165,18,63,0,503,0,10.909091,0.390240,3.735046,1.000000,-1.000000,1,0.680936,9.149137,11.616000
s6_depth,vbf,10,50,5,500.000000,100.000000,3.000000,150.000000,120.000000,6.000000,512,10000.000000,200.000000,165,20,87,0,737,0,12.121212,0.433600,3.423365,1.000000,-1.000000,1,0.895578,3.470445,15.702000
s6_depth,vbf,12,50,5,500.000000,100.000000,3.000000,150.000000,120.000000,6.000000,512,10000.000000,200.000000,165,16,43,0,532,0,9.696970,0.346880,5.213666,1.000000,-1.000000,1,0.705220,8.909707,12.500000
s6_depth,vbf,14,50,5,500.000000,100.000000,3.000000,150.000000,120.000000,6.000000,512,10000.000000,200.000000,165,17,73,0,624,0,10.303030,0.368560,6.206717,1.000000,-1.000000,1,0.784134,6.735738,13.714000
s6_depth,vbf,13,50,5,500.000000,100.000000,3.000000,150.000000,120.000000,6.000000,512,10000.000000,200.000000,165,17,64,0,680,0,10.303030,0.368560,2.941408,1.000000,-1.000000,1,0.855308,4.704156,14.988000
s6_depth,vbf,15,50,5,500.000000,100.000000,3.000000,150.000000,120.000000,6.000000,512,10000.000000,200.000000,164,20,79,0,594,0,12.195122,0.433600,4.031021,1.000000,-1.000000,1,0.738973,7.930053,12.910000
s6_depth,vbf,16,50,5,500.000000,100.000000,3.000000,150.000000,120.000000,6.000000,512,10000.000000,200.000000,165,19,89,0,638,0,11.515152,0.411920,4.089190,1.000000,-1.000000,1,0.806798,6.113614,14.130000
s6_depth,vbf,17,50,5,500.000000,100.000000,3.000000,150.000000,120.000000,6.000000,512,10000.000000,200.000000,163,20,91,0,599,0,12.269939,0.433600,4.779011,1.000000,-1.000000,1,0.777789,6.748052,13.286000
s6_depth,vbf,18,50,5,500.000000,100.000000,3.000000,150.000000,120.000000,6.000000,512,10000.000000,200.000000,165,29,67,0,650,0,17.575758,0.628720,4.564057,1.000000,-1.000000,1,0.778558,7.069012,13.974000
s6_depth,vbf,20,50,5,500.000000,100.000000,3.000000,150.000000,120.000000,6.000000,512,10000.000000,200.000000,164,18,95,0,597,0,10.975610,0.390240,3.372012,1.000000,-1.000000,1,0.801162,6.010690,13.446000
s6_depth,vbf,19,50,5,500.000000,100.000000,3.000000,150.000000,120.000000,6.000000,512,10000.000000,200.000000,165,23,75,0,505,0,13.939394,0.498640,5.027703,1.000000,-1.000000,1,0.661334,10.122353,11.898000
s6_depth,hhvbf,1,50,5,500.000000,100.000000,3.000000,150.000000,120.000000,6.000000,512,10000.000000,200.000000,164,19,80,0,642,0,11.585366,0.411920,4.131893,1.000000,-1.000000,1,0.794241,6.731572,14.482000
s6_depth,hhvbf,3,50,5,500.000000,100.000000,3.000000,150.000000,120.000000,6.000000,512,10000.000000,200.000000,165,19,75,0,633,0,11.515152,0.411920,4.022574,1.000000,-1.000000,1,0.773799,7.267682,14.016000
s6_depth,hhvbf,2,50,5,500.000000,100.000000,3.000000,150.000000,120.000000,6.000000,512,10000.000000,200.000000,164,21,82,0,810,0,12.804878,0.455280,4.071735,1.000000,-1.000000,1,0.921266,2.851128,17.364000
s6_depth,hhvbf,4,50,5,500.000000,100.000000,3.000000,150.000000,120.000000,6.000000,512,10000.000000,200.000000,163,18,77,0,637,0,11.042945,0.390240,4.756530,1.000000,-1.000000,1,0.795689,6.616556,14.350000
s6_depth,hhvbf,5,50,5,500.000000,100.000000,3.000000,150.000000,120.000000,6.000000,512,10000.000000,200.000000,165,15,88,0,662,0,9.090909,0.325200,3.287572,1.000000,-1.000000,1,0.816225,6.066030,14.834000
s6_depth,hhvbf,6,50,5,500.000000,100.000000,3.000000,150.000000,120.000000,6.000000,512,10000.000000,200.000000,165,17,90,0,687,0,10.303030,0.368560,5.276130,1.000000,-1.000000,1,0.783977,7.345042,14.942000
s6_depth,hhvbf,7,50,5,500.000000,100.000000,3.000000,150.000000,120.000000,6.000000,512,10000.000000,200.000000,165,22,66,0,611,0,13.333333,0.476960,4.557151,1.000000,-1.000000,1,0.780715,6.812215,13.620000
s6_depth,hhvbf,9,50,5,500.000000,100.000000,3.000000,150.000000,120.000000,6.000000,512,10000.000000,200.000000,163,18,79,0,651,0,11.042945,0.390240,3.968118,1.000000,-1.000000,1,0.753041,8.080908,14.056000
s6_depth,hhvbf,8,50,5,500.000000,100.000000,3.000000,150.000000,120.000000,6.000000,512,10000.000000,200.000000,164,20,37,0,691,0,12.195122,0.433600,5.674498,1.000000,-1.000000,1,0.823598,5.823638,14.910000
s6_depth,hhvbf,10,50,5,500.000000,100.000000,3.000000,150.000000,120.000000,6.000000,512,10000.000000,200.000000,165,18,75,0,770,0,10.909091,0.390240,4.302873,1.000000,-1.000000,1,0.913174,2.917447,16.038000
s6_depth,hhvbf,11,50,5,500.000000,100.000000,3.000000,150.000000,120.000000,6.000000,512,10000.000000,200.000000,165,20,72,0,569,0,12.121212,0.433600,4.665368,1.000000,-1.000000,1,0.703864,9.086966,12.676000
s6_depth,hhvbf,12,50,5,500.000000,100.000000,3.000000,150.000000,120.000000,6.000000,512,10000.000000,200.000000,165,17,57,0,581,0,10.303030,0.368560,6.301555,1.000000,-1.000000,1,0.738656,8.254154,13.418000
s6_depth,hhvbf,13,50,5,500.000000,100.000000,3.000000,150.000000,120.000000,6.000000,512,10000.000000,200.000000,165,19,62,0,750,0,11.515152,0.411920,3.482680,1.000000,-1.000000,1,0.869812,4.547762,16.250000
s6_depth,hhvbf,14,50,5,500.000000,100.000000,3.000000,150.000000,120.000000,6.000000,512,10000.000000,200.000000,165,19,88,0,738,0,11.515152,0.411920,6.773671,1.000000,-1.000000,1,0.838534,5.505777,15.552000
s6_depth,hhvbf,15,50,5,500.000000,100.000000,3.000000,150.000000,120.000000,6.000000,512,10000.000000,200.000000,164,22,79,0,660,0,13.414634,0.476960,4.799527,1.000000,-1.000000,1,0.756475,8.033839,14.208000
s6_depth,hhvbf,16,50,5,500.000000,100.000000,3.000000,150.000000,120.000000,6.000000,512,10000.000000,200.000000,165,20,87,0,679,0,12.121212,0.433600,4.807865,1.000000,-1.000000,1,0.816475,6.076352,14.882000
s6_depth,hhvbf,17,50,5,500.000000,100.000000,3.000000,150.000000,120.000000,6.000000,512,10000.000000,200.000000,163,19,88,0,631,0,11.656442,0.411920,4.867960,1.000000,-1.000000,1,0.799045,6.362335,14.062000
s6_depth,hhvbf,18,50,5,500.000000,100.000000,3.000000,150.000000,120.000000,6.000000,512,10000.000000,200.000000,165,26,60,0,701,0,15.757576,0.563680,5.164729,1.000000,-1.000000,1,0.798177,6.936567,15.256000
s6_depth,hhvbf,19,50,5,500.000000,100.000000,3.000000,150.000000,120.000000,6.000000,512,10000.000000,200.000000,165,26,79,0,577,0,15.757576,0.563680,4.759229,1.000000,-1.000000,1,0.701559,9.658904,13.344000
s6_depth,hhvbf,20,50,5,500.000000,100.000000,3.000000,150.000000,120.000000,6.000000,512,10000.000000,200.000000,164,20,107,0,664,0,12.195122,0.433600,4.002899,1.000000,-1.000000,1,0.825536,5.714456,14.812000
s6_depth,dbr,1,50,5,500.000000,100.000000,3.000000,150.000000,120.000000,6.000000,512,10000.000000,200.000000,164,11,55,0,213,0,6.707317,0.020680,10.205952,1.090909,-1.000000,1,0.630302,6.412530,6.706000
s6_depth,dbr,2,50,5,500.000000,100.000000,3.000000,150.000000,120.000000,6.000000,512,10000.000000,200.000000,164,7,39,0,212,0,4.268293,0.013160,14.142380,1.000000,-1.000000,1,0.644474,5.247119,5.784000
s6_depth,dbr,3,50,5,500.000000,100.000000,3.000000,150.000000,120.000000,6.000000,512,10000.000000,200.000000,165,11,57,0,213,0,6.666667,0.020680,23.818175,0.818182,-1.000000,1,0.576496,7.534749,6.506000
s6_depth,dbr,4,50,5,500.000000,100.000000,3.000000,150.000000,120.000000,6.000000,512,10000.000000,200.000000,163,9,60,0,211,0,5.521472,0.016920,28.114274,0.888889,-1.000000,1,0.571969,7.100609,6.036000
s6_depth,dbr,6,50,5,500.000000,100.000000,3.000000,150.000000,120.000000,6.000000,512,10000.000000,200.000000,165,6,39,0,214,0,3.636364,0.011280,13.630102,1.333333,-1.000000,1,0.613564,6.006088,5.910000
s6_depth,dbr,5,50,5,500.000000,100.000000,3.000000,150.000000,120.000000,6.000000,512,10000.000000,200.000000,165,5,38,0,214,0,3.030303,0.009400,22.867631,0.800000,-1.000000,1,0.611855,6.067637,5.934000
s6_depth,dbr,7,50,5,500.000000,100.000000,3.000000,150.000000,120.000000,6.000000,512,10000.000000,200.000000,165,7,86,0,214,0,4.242424,0.013160,43.472600,0.285714,-1.000000,1,0.634154,6.357903,6.744000
s6_depth,dbr,8,50,5,500.000000,100.000000,3.000000,150.000000,120.000000,6.000000,512,10000.000000,200.000000,164,7,7,0,213,0,4.268293,0.013160,29.760208,0.857143,-1.000000,1,0.522439,7.771023,5.584000
s6_depth,dbr,9,50,5,500.000000,100.000000,3.000000,150.000000,120.000000,6.000000,512,10000.000000,200.000000,163,6,18,0,211,0,3.680982,0.011280,64.851014,1.500000,-1.000000,1,0.549174,7.655902,6.020000
s6_depth,dbr,10,50,5,500.000000,100.000000,3.000000,150.000000,120.000000,6.000000,512,10000.000000,200.000000,165,7,34,0,214,0,4.242424,0.013160,15.044603,1.000000,-1.000000,1,0.583680,6.239834,5.524000
s6_depth,dbr,13,50,5,500.000000,100.000000,3.000000,150.000000,120.000000,6.000000,512,10000.000000,200.000000,165,8,50,0,213,0,4.848485,0.015040,15.921939,1.125000,-1.000000,1,0.589449,6.454115,5.830000
s6_depth,dbr,11,50,5,500.000000,100.000000,3.000000,150.000000,120.000000,6.000000,512,10000.000000,200.000000,165,8,39,0,214,0,4.848485,0.015040,11.085010,0.750000,-1.000000,1,0.555508,7.649597,6.146000
s6_depth,dbr,12,50,5,500.000000,100.000000,3.000000,150.000000,120.000000,6.000000,512,10000.000000,200.000000,165,8,19,0,214,0,4.848485,0.015040,8.252450,1.125000,-1.000000,1,0.531563,8.538093,6.326000
s6_depth,dbr,15,50,5,500.000000,100.000000,3.000000,150.000000,120.000000,6.000000,512,10000.000000,200.000000,164,9,28,0,213,0,5.487805,0.016920,32.633316,1.222222,-1.000000,1,0.531014,7.363957,5.446000
s6_depth,dbr,14,50,5,500.000000,100.000000,3.000000,150.000000,120.000000,6.000000,512,10000.000000,200.000000,165,10,5,0,214,0,6.060606,0.018800,24.632407,1.600000,-1.000000,1,0.490078,8.133474,5.246000
s6_depth,dbr,16,50,5,500.000000,100.000000,3.000000,150.000000,120.000000,6.000000,512,10000.000000,200.000000,165,8,32,0,213,0,4.848485,0.015040,25.069088,1.125000,-1.000000,1,0.554081,6.773838,5.416000
s6_depth,dbr,17,50,5,500.000000,100.000000,3.000000,150.000000,120.000000,6.000000,512,10000.000000,200.000000,163,7,3,0,212,0,4.294479,0.013160,31.404676,1.000000,-1.000000,1,0.567438,7.066458,5.914000
s6_depth,dbr,18,50,5,500.000000,100.000000,3.000000,150.000000,120.000000,6.000000,512,10000.000000,200.000000,165,7,17,0,213,0,4.242424,0.013160,34.035079,2.000000,-1.000000,1,0.524491,7.507664,5.432000
s6_depth,dbr,19,50,5,500.000000,100.000000,3.000000,150.000000,120.000000,6.000000,512,10000.000000,200.000000,165,8,21,0,213,0,4.848485,0.015040,24.994965,1.125000,-1.000000,1,0.442469,10.803680,5.944000
s6_depth,dbr,20,50,5,500.000000,100.000000,3.000000,150.000000,120.000000,6.000000,512,10000.000000,200.000000,164,5,90,0,212,0,3.048780,0.009400,12.106288,0.400000,-1.000000,1,0.588406,6.668818,6.002000
s6_depth,adaptive,2,50,5,500.000000,200.000000,3.000000,150.000000,120.000000,6.000000,512,10000.000000,200.000000,164,90,119,42,1325,20,54.878049,1.459200,1.954583,1.011111,-1.000000,1,0.962924,2.296743,30.388000
s6_depth,adaptive,1,50,5,500.000000,200.000000,3.000000,150.000000,120.000000,6.000000,512,10000.000000,200.000000,164,65,85,31,1250,21,39.634146,1.024000,1.889943,0.969231,-1.000000,1,0.926739,4.204134,27.602000
s6_depth,adaptive,3,50,5,500.000000,200.000000,3.000000,150.000000,120.000000,6.000000,512,10000.000000,200.000000,165,105,98,65,1293,13,63.636364,1.670400,1.689307,0.866667,-1.000000,1,0.919656,4.570694,27.254000
s6_depth,adaptive,5,50,5,500.000000,200.000000,3.000000,150.000000,120.000000,6.000000,512,10000.000000,200.000000,165,47,58,111,1302,26,28.484848,0.751360,1.502178,0.659574,-1.000000,1,0.936422,3.552904,27.024000
s6_depth,adaptive,4,50,5,500.000000,200.000000,3.000000,150.000000,120.000000,6.000000,512,10000.000000,200.000000,163,80,99,61,1291,9,49.079755,1.216000,1.227413,0.450000,-1.000000,1,0.944325,3.230801,28.184000
s6_depth,adaptive,6,50,5,500.000000,200.000000,3.000000,150.000000,120.000000,6.000000,512,10000.000000,200.000000,165,57,76,84,1261,10,34.545455,0.917760,2.354286,1.368421,-1.000000,1,0.922887,4.412635,27.464000
s6_depth,adaptive,7,50,5,500.000000,200.000000,3.000000,150.000000,120.000000,6.000000,512,10000.000000,200.000000,165,86,100,26,1260,29,52.121212,1.281280,1.938909,1.058140,-1.000000,1,0.937828,3.648190,28.398000
s6_depth,adaptive,9,50,5,500.000000,200.000000,3.000000,150.000000,120.000000,6.000000,512,10000.000000,200.000000,163,55,83,59,1303,13,33.742331,0.838400,1.881071,1.018182,-1.000000,1,0.934037,3.727926,27.294000
s6_depth,adaptive,8,50,5,500.000000,200.000000,3.000000,150.000000,120.000000,6.000000,512,10000.000000,200.000000,164,38,87,104,1288,19,23.170732,0.394240,1.252937,0.605263,-1.000000,1,0.939627,3.631795,29.142000
s6_depth,adaptive,11,50,5,500.000000,200.000000,3.000000,150.000000,120.000000,6.000000,512,10000.000000,200.000000,165,62,96,102,1183,58,37.575758,0.904960,1.133756,0.419355,-1.000000,1,0.943895,3.070692,26.576000
s6_depth,adaptive,10,50,5,500.000000,200.000000,3.000000,150.000000,120.000000,6.000000,512,10000.000000,200.000000,165,66,76,40,1425,17,40.000000,1.044480,1.622299,0.787879,-1.000000,1,0.971725,1.696742,29.574000
s6_depth,adaptive,12,50,5,500.000000,200.000000,3.000000,150.000000,120.000000,6.000000,512,10000.000000,200.000000,165,67,123,83,1242,13,40.606061,0.815360,1.431093,0.731343,-1.000000,1,0.942454,3.278763,27.644000
s6_depth,adaptive,15,50,5,500.000000,200.000000,3.000000,150.000000,120.000000,6.000000,512,10000.000000,200.000000,164,64,72,81,1262,13,39.024390,0.945920,1.336903,0.593750,-1.000000,1,0.931682,3.762951,26.566000
s6_depth,adaptive,14,50,5,500.000000,200.000000,3.000000,150.000000,120.000000,6.000000,512,10000.000000,200.000000,165,42,124,90,1358,21,25.454545,0.495360,1.587693,0.833333,-1.000000,1,0.950808,2.842796,28.166000
s6_depth,adaptive,13,50,5,500.000000,200.000000,3.000000,150.000000,120.000000,6.000000,512,10000.000000,200.000000,165,64,72,76,1337,35,38.787879,1.022720,1.618408,0.781250,-1.000000,1,0.924049,4.565290,28.868000
s6_depth,adaptive,16,50,5,500.000000,200.000000,3.000000,150.000000,120.000000,6.000000,512,10000.000000,200.000000,165,59,80,75,1360,27,35.757576,0.939520,2.553882,1.593220,-1.000000,1,0.953370,2.632143,27.550000
s6_depth,adaptive,17,50,5,500.000000,200.000000,3.000000,150.000000,120.000000,6.000000,512,10000.000000,200.000000,163,71,109,81,1325,20,43.558282,1.031680,2.534701,1.492958,-1.000000,1,0.933358,3.910202,28.326000
s6_depth,adaptive,18,50,5,500.000000,200.000000,3.000000,150.000000,120.000000,6.000000,512,10000.000000,200.000000,165,75,82,15,1290,2,45.454545,1.132800,2.226758,1.360000,-1.000000,1,0.940524,3.345632,27.264000
s6_depth,adaptive,19,50,5,500.000000,200.000000,3.000000,150.000000,120.000000,6.000000,512,10000.000000,200.000000,165,67,146,48,1285,1,40.606061,1.007360,2.756067,1.716418,-1.000000,1,0.927607,4.190835,27.858000
s6_depth,vbf,1,50,5,500.000000,200.000000,3.000000,150.000000,120.000000,6.000000,512,10000.000000,200.000000,164,14,78,0,559,0,8.536585,0.303520,2.746160,1.000000,-1.000000,1,0.688395,9.140541,11.960000
s6_depth,adaptive,20,50,5,500.000000,200.000000,3.000000,150.000000,120.000000,6.000000,512,10000.000000,200.000000,164,91,67,79,1339,9,55.487805,1.556480,1.845868,0.912088,-1.000000,1,0.938164,3.636948,28.470000
s6_depth,vbf,2,50,5,500.000000,200.000000,3.000000,150.000000,120.000000,6.000000,512,10000.000000,200.000000,164,18,70,0,664,0,10.975610,0.390240,4.355646,1.000000,-1.000000,1,0.847499,4.780526,14.380000
s6_depth,vbf,3,50,5,500.000000,200.000000,3.000000,150.000000,120.000000,6.000000,512,10000.000000,200.000000,165,18,76,0,575,0,10.909091,0.390240,4.145867,1.000000,-1.000000,1,0.710576,8.286953,11.894000
s6_depth,vbf,4,50,5,500.000000,200.000000,3.000000,150.000000,120.000000,6.000000,512,10000.000000,200.000000,163,13,78,0,598,0,7.975460,0.281840,4.853647,1.000000,-1.000000,1,0.723904,8.625022,13.118000
s6_depth,vbf,5,50,5,500.000000,200.000000,3.000000,150.000000,120.000000,6.000000,512,10000.000000,200.000000,165,9,59,0,605,0,5.454545,0.195120,2.982984,1.000000,-1.000000,1,0.730654,8.125362,12.736000
s6_depth,vbf,6,50,5,500.000000,200.000000,3.000000,150.000000,120.000000,6.000000,512,10000.000000,200.000000,165,12,72,0,529,0,7.272727,0.260160,5.859799,1.000000,-1.000000,1,0.724597,7.207670,10.996000
s6_depth,vbf,7,50,5,500.000000,200.000000,3.000000,150.000000,120.000000,6.000000,512,10000.000000,200.000000,165,20,82,0,565,0,12.121212,0.433600,3.892430,1.000000,-1.000000,1,0.737500,7.573331,12.246000
s6_depth,vbf,8,50,5,500.000000,200.000000,3.000000,150.000000,120.000000,6.000000,512,10000.000000,200.000000,164,13,23,0,499,0,7.926829,0.281840,4.610625,1.000000,-1.000000,1,0.682287,8.245782,10.526000
s6_depth,vbf,9,50,5,500.000000,200.000000,3.000000,150.000000,120.000000,6.000000,512,10000.000000,200.000000,163,10,70,0,619,0,6.134969,0.216800,3.192441,1.000000,-1.000000,1,0.688897,9.672536,12.682000
s6_depth,vbf,11,50,5,500.000000,200.000000,3.000000,150.000000,120.000000,6.000000,512,10000.000000,200.000000,165,11,58,0,448,0,6.666667,0.238480,3.972664,1.000000,-1.000000,1,0.631826,9.322510,9.804000
s6_depth,vbf,10,50,5,500.000000,200.000000,3.000000,150.000000,120.000000,6.000000,512,10000.000000,200.000000,165,15,51,0,786,0,9.090909,0.325200,5.040096,1.000000,-1.000000,1,0.893819,3.456061,15.362000
s6_depth,vbf,12,50,5,500.000000,200.000000,3.000000,150.000000,120.000000,6.000000,512,10000.000000,200.000000,165,17,69,0,556,0,10.303030,0.368560,4.066116,1.000000,-1.000000,1,0.701278,8.510747,11.744000
s6_depth,vbf,13,50,5,500.000000,200.000000,3.000000,150.000000,120.000000,6.000000,512,10000.000000,200.000000,165,10,69,0,651,0,6.060606,0.216800,3.774190,1.000000,-1.000000,1,0.785433,6.618772,13.570000
s6_depth,vbf,14,50,5,500.000000,200.000000,3.000000,150.000000,120.000000,6.000000,512,10000.000000,200.000000,165,13,55,0,642,0,7.878788,0.281840,6.124748,1.000000,-1.000000,1,0.711411,8.998830,12.962000
s6_depth,vbf,15,50,5,500.000000,200.000000,3.000000,150.000000,120.000000,6.000000,512,10000.000000,200.000000,164,15,54,0,539,0,9.146341,0.325200,4.003504,1.000000,-1.000000,1,0.656927,9.411125,10.876000
s6_depth,vbf,16,50,5,500.000000,200.000000,3.000000,150.000000,120.000000,6.000000,512,10000.000000,200.000000,165,12,75,0,657,0,7.272727,0.260160,4.649741,1.000000,-1.000000,1,0.771092,6.984339,13.284000
s6_depth,vbf,17,50,5,500.000000,200.000000,3.000000,150.000000,120.000000,6.000000,512,10000.000000,200.000000,163,16,59,0,555,0,9.815951,0.346880,4.684649,1.000000,-1.000000,1,0.701132,8.434730,11.632000
s6_depth,vbf,18,50,5,500.000000,200.000000,3.000000,150.000000,120.000000,6.000000,512,10000.000000,200.000000,165,21,76,0,589,0,12.727273,0.455280,4.145400,1.000000,-1.000000,1,0.699795,8.918058,12.230000
s6_depth,vbf,19,50,5,500.000000,200.000000,3.000000,150.000000,120.000000,6.000000,512,10000.000000,200.000000,165,17,85,0,579,0,10.303030,0.368560,5.932501,1.000000,-1.000000,1,0.597327,12.663160,11.760000
s6_depth,vbf,20,50,5,500.000000,200.000000,3.000000,150.000000,120.000000,6.000000,512,10000.000000,200.000000,164,16,94,0,643,0,9.756098,0.346880,4.355642,1.000000,-1.000000,1,0.771341,6.953420,13.242000
s6_depth,hhvbf,1,50,5,500.000000,200.000000,3.000000,150.000000,120.000000,6.000000,512,10000.000000,200.000000,164,14,90,0,643,0,8.536585,0.303520,4.471087,1.000000,-1.000000,1,0.729188,8.516853,13.262000
s6_depth,hhvbf,2,50,5,500.000000,200.000000,3.000000,150.000000,120.000000,6.000000,512,10000.000000,200.000000,164,17,87,0,741,0,10.365854,0.368560,5.308845,1.000000,-1.000000,1,0.870054,4.408481,15.784000
s6_depth,hhvbf,3,50,5,500.000000,200.000000,3.000000,150.000000,120.000000,6.000000,512,10000.000000,200.000000,165,19,81,0,647,0,11.515152,0.411920,3.922512,1.000000,-1.000000,1,0.747672,7.751308,13.142000
s6_depth,hhvbf,5,50,5,500.000000,200.000000,3.000000,150.000000,120.000000,6.000000,512,10000.000000,200.000000,165,10,56,0,665,0,6.060606,0.216800,4.351236,1.000000,-1.000000,1,0.768842,7.173128,13.488000
s6_depth,hhvbf,4,50,5,500.000000,200.000000,3.000000,150.000000,120.000000,6.000000,512,10000.000000,200.000000,163,15,89,0,733,0,9.202454,0.325200,4.071213,1.000000,-1.000000,1,0.762197,8.249203,15.004000
s6_depth,hhvbf,6,50,5,500.000000,200.000000,3.000000,150.000000,120.000000,6.000000,512,10000.000000,200.000000,165,12,73,0,601,0,7.272727,0.260160,4.954864,1.000000,-1.000000,1,0.742140,7.459907,12.324000
s6_depth,hhvbf,7,50,5,500.000000,200.000000,3.000000,150.000000,120.000000,6.000000,512,10000.000000,200.000000,165,20,58,0,647,0,12.121212,0.433600,5.159102,1.000000,-1.000000,1,0.766416,7.347516,13.648000
s6_depth,hhvbf,8,50,5,500.000000,200.000000,3.000000,150.000000,120.000000,6.000000,512,10000.000000,200.000000,164,14,31,0,623,0,8.536585,0.303520,8.229665,1.000000,-1.000000,1,0.763534,7.009484,12.834000
s6_depth,hhvbf,9,50,5,500.000000,200.000000,3.000000,150.000000,120.000000,6.000000,512,10000.000000,200.000000,163,13,87,0,692,0,7.975460,0.281840,4.429884,1.000000,-1.000000,1,0.728739,8.875072,13.792000
s6_depth,hhvbf,11,50,5,500.000000,200.000000,3.000000,150.000000,120.000000,6.000000,512,10000.000000,200.000000,165,12,60,0,491,0,7.272727,0.260160,3.296131,1.000000,-1.000000,1,0.638640,9.924609,10.704000
s6_depth,hhvbf,10,50,5,500.000000,200.000000,3.000000,150.000000,120.000000,6.000000,512,10000.000000,200.000000,165,16,60,0,876,0,9.696970,0.346880,5.402631,1.000000,-1.000000,1,0.925010,2.615859,16.762000
s6_depth,hhvbf,12,50,5,500.000000,200.000000,3.000000,150.000000,120.000000,6.000000,512,10000.000000,200.000000,165,20,74,0,614,0,12.121212,0.433600,5.365634,1.000000,-1.000000,1,0.739013,7.831570,12.752000
s6_depth,hhvbf,13,50,5,500.000000,200.000000,3.000000,150.000000,120.000000,6.000000,512,10000.000000,200.000000,165,11,67,0,759,0,6.666667,0.238480,3.988751,1.000000,-1.000000,1,0.806174,6.492960,14.952000
s6_depth,hhvbf,14,50,5,500.000000,200.000000,3.000000,150.000000,120.000000,6.000000,512,10000.000000,200.000000,165,15,80,0,785,0,9.090909,0.325200,7.483833,1.000000,-1.000000,1,0.801400,6.811417,15.258000
s6_depth,hhvbf,15,50,5,500.000000,200.000000,3.000000,150.000000,120.000000,6.000000,512,10000.000000,200.000000,164,14,68,0,591,0,8.536585,0.303520,3.534685,1.000000,-1.000000,1,0.688957,9.055605,11.876000
s6_depth,hhvbf,16,50,5,500.000000,200.000000,3.000000,150.000000,120.000000,6.000000,512,10000.000000,200.000000,165,13,81,0,761,0,7.878788,0.281840,6.162072,1.000000,-1.000000,1,0.817384,6.191178,15.248000
s6_depth,hhvbf,17,50,5,500.000000,200.000000,3.000000,150.000000,120.000000,6.000000,512,10000.000000,200.000000,163,17,75,0,683,0,10.429448,0.368560,7.137127,1.000000,-1.000000,1,0.764694,7.581631,13.962000
s6_depth,hhvbf,18,50,5,500.000000,200.000000,3.000000,150.000000,120.000000,6.000000,512,10000.000000,200.000000,165,22,65,0,645,0,13.333333,0.476960,5.303937,1.000000,-1.000000,1,0.717842,8.861604,13.124000
s6_depth,dbr,1,50,5,500.000000,200.000000,3.000000,150.000000,120.000000,6.000000,512,10000.000000,200.000000,164,7,21,0,213,0,4.268293,0.013160,24.613054,0.857143,-1.000000,1,0.555039,7.193093,5.770000
s6_depth,hhvbf,19,50,5,500.000000,200.000000,3.000000,150.000000,120.000000,6.000000,512,10000.000000,200.000000,165,19,99,0,640,0,11.515152,0.411920,6.204131,1.000000,-1.000000,1,0.627999,12.403618,12.862000
s6_depth,hhvbf,20,50,5,500.000000,200.000000,3.000000,150.000000,120.000000,6.000000,512,10000.000000,200.000000,164,14,101,0,687,0,8.536585,0.303520,3.982075,1.000000,-1.000000,1,0.795159,6.489104,14.032000
s6_depth,dbr,2,50,5,500.000000,200.000000,3.000000,150.000000,120.000000,6.000000,512,10000.000000,200.000000,164,4,35,0,213,0,2.439024,0.007520,23.207658,1.750000,-1.000000,1,0.582709,5.968562,5.266000
s6_depth,dbr,3,50,5,500.000000,200.000000,3.000000,150.000000,120.000000,6.000000,512,10000.000000,200.000000,165,8,58,0,214,0,4.848485,0.015040,37.136696,0.750000,-1.000000,1,0.538164,7.669242,5.810000
s6_depth,dbr,4,50,5,500.000000,200.000000,3.000000,150.000000,120.000000,6.000000,512,10000.000000,200.000000,163,7,51,0,211,0,4.294479,0.013160,38.068839,0.571429,-1.000000,1,0.553825,6.977529,5.574000
s6_depth,dbr,5,50,5,500.000000,200.000000,3.000000,150.000000,120.000000,6.000000,512,10000.000000,200.000000,165,3,18,0,214,0,1.818182,0.005640,64.396267,1.333333,-1.000000,1,0.519874,7.282229,5.188000
s6_depth,dbr,6,50,5,500.000000,200.000000,3.000000,150.000000,120.000000,6.000000,512,10000.000000,200.000000,165,4,2,0,213,0,2.424242,0.007520,9.991815,1.750000,-1.000000,1,0.521116,7.324696,5.240000
s6_depth,dbr,7,50,5,500.000000,200.000000,3.000000,150.000000,120.000000,6.000000,512,10000.000000,200.000000,165,5,53,0,214,0,3.030303,0.009400,84.457523,0.400000,-1.000000,1,0.578076,6.901590,5.992000
s6_depth,dbr,9,50,5,500.000000,200.000000,3.000000,150.000000,120.000000,6.000000,512,10000.000000,200.000000,163,4,20,0,212,0,2.453988,0.007520,46.626591,0.500000,-1.000000,1,0.502775,8.162140,5.492000
s6_depth,dbr,8,50,5,500.000000,200.000000,3.000000,150.000000,120.000000,6.000000,512,10000.000000,200.000000,164,1,5,0,212,0,0.609756,0.001880,17.993015,0.000000,-1.000000,1,0.492524,7.913706,5.146000
s6_depth,dbr,10,50,5,500.000000,200.000000,3.000000,150.000000,120.000000,6.000000,512,10000.000000,200.000000,165,1,17,0,214,0,0.606061,0.001880,95.800167,0.000000,-1.000000,1,0.493971,7.006362,4.578000
s6_depth,dbr,12,50,5,500.000000,200.000000,3.000000,150.000000,120.000000,6.000000,512,10000.000000,200.000000,165,7,21,0,214,0,4.242424,0.013160,34.335824,1.000000,-1.000000,1,0.520425,7.551830,5.390000
s6_depth,dbr,11,50,5,500.000000,200.000000,3.000000,150.000000,120.000000,6.000000,512,10000.000000,200.000000,165,2,23,0,213,0,1.212121,0.003760,29.562188,1.000000,-1.000000,1,0.497728,8.067855,5.338000
s6_depth,dbr,13,50,5,500.000000,200.000000,3.000000,150.000000,120.000000,6.000000,512,10000.000000,200.000000,165,3,41,0,213,0,1.818182,0.005640,20.326485,0.333333,-1.000000,1,0.510356,7.424982,5.124000
s6_depth,dbr,14,50,5,500.000000,200.000000,3.000000,150.000000,120.000000,6.000000,512,10000.000000,200.000000,165,9,5,0,214,0,5.454545,0.016920,41.441107,1.444444,-1.000000,1,0.431351,8.785615,4.656000
s6_depth,dbr,15,50,5,500.000000,200.000000,3.000000,150.000000,120.000000,6.000000,512,10000.000000,200.000000,164,5,18,0,213,0,3.048780,0.009400,22.319217,1.000000,-1.000000,1,0.459902,8.198616,4.782000
s6_depth,dbr,16,50,5,500.000000,200.000000,3.000000,150.000000,120.000000,6.000000,512,10000.000000,200.000000,165,6,10,0,213,0,3.636364,0.011280,8.778390,2.666667,-1.000000,1,0.484199,7.554352,4.778000
s6_depth,dbr,17,50,5,500.000000,200.000000,3.000000,150.000000,120.000000,6.000000,512,10000.000000,200.000000,163,3,0,0,212,0,1.840491,0.005640,70.473655,1.000000,-1.000000,1,0.469939,8.081082,4.874000
s6_depth,dbr,18,50,5,500.000000,200.000000,3.000000,150.000000,120.000000,6.000000,512,10000.000000,200.000000,165,5,13,0,214,0,3.030303,0.009400,67.568324,1.400000,-1.000000,1,0.454386,8.340740,4.776000
s6_depth,dbr,19,50,5,500.000000,200.000000,3.000000,150.000000,120.000000,6.000000,512,10000.000000,200.000000,165,6,0,0,207,0,3.636364,0.011280,6.227037,1.500000,-1.000000,1,0.346347,12.348936,4.860000
s6_depth,dbr,20,50,5,500.000000,200.000000,3.000000,150.000000,120.000000,6.000000,512,10000.000000,200.000000,164,4,49,0,212,0,2.439024,0.007520,43.692354,0.750000,-1.000000,1,0.532580,7.217649,5.366000
s6_depth,adaptive,1,50,5,500.000000,300.000000,3.000000,150.000000,120.000000,6.000000,512,10000.000000,200.000000,164,68,68,55,1301,12,41.463415,1.162240,2.485528,1.441176,-1.000000,1,0.919656,4.350988,25.944000
s6_depth,adaptive,3,50,5,500.000000,300.000000,3.000000,150.000000,120.000000,6.000000,512,10000.000000,200.000000,165,87,84,100,1371,16,52.727273,1.416960,1.633516,0.793103,-1.000000,1,0.904756,5.054977,25.210000
s6_depth,adaptive,2,50,5,500.000000,300.000000,3.000000,150.000000,120.000000,6.000000,512,10000.000000,200.000000,164,83,101,70,1328,24,50.609756,1.315840,1.730775,0.879518,-1.000000,1,0.944824,3.104422,27.334000
s6_depth,adaptive,4,50,5,500.000000,300.000000,3.000000,150.000000,120.000000,6.000000,512,10000.000000,200.000000,163,89,93,70,1315,28,54.601227,1.381120,1.523661,0.696629,-1.000000,1,0.925045,3.988158,25.568000
s6_depth,adaptive,6,50,5,500.000000,300.000000,3.000000,150.000000,120.000000,6.000000,512,10000.000000,200.000000,165,48,43,83,1292,11,29.090909,0.771840,2.646414,1.604167,-1.000000,1,0.902096,5.086531,24.640000
s6_depth,adaptive,5,50,5,500.000000,300.000000,3.000000,150.000000,120.000000,6.000000,512,10000.000000,200.000000,165,41,35,126,1382,21,24.848485,0.666880,1.423707,0.585366,-1.000000,1,0.919136,4.349692,25.762000
s6_depth,adaptive,7,50,5,500.000000,300.000000,3.000000,150.000000,120.000000,6.000000,512,10000.000000,200.000000,165,66,49,65,1316,11,40.000000,1.063680,2.621185,1.606061,-1.000000,1,0.927402,3.821787,25.330000
s6_depth,adaptive,9,50,5,500.000000,300.000000,3.000000,150.000000,120.000000,6.000000,512,10000.000000,200.000000,163,60,76,85,1365,24,36.809816,0.998400,2.219782,1.300000,-1.000000,1,0.924722,3.938747,25.138000
s6_depth,adaptive,8,50,5,500.000000,300.000000,3.000000,150.000000,120.000000,6.000000,512,10000.000000,200.000000,164,31,34,135,1303,15,18.902439,0.327680,1.921713,1.129032,-1.000000,1,0.925341,4.068704,26.192000
s6_depth,adaptive,10,50,5,500.000000,300.000000,3.000000,150.000000,120.000000,6.000000,512,10000.000000,200.000000,165,45,61,114,1458,15,27.272727,0.652800,1.983702,1.133333,-1.000000,1,0.955226,2.489098,27.160000
s6_depth,adaptive,11,50,5,500.000000,300.000000,3.000000,150.000000,120.000000,6.000000,512,10000.000000,200.000000,165,68,78,133,1231,18,41.212121,1.066240,1.524487,0.705882,-1.000000,1,0.924023,3.868666,24.454000
s6_depth,adaptive,12,50,5,500.000000,300.000000,3.000000,150.000000,120.000000,6.000000,512,10000.000000,200.000000,165,61,103,97,1302,21,36.969697,0.826880,1.941197,1.081967,-1.000000,1,0.932106,3.670621,26.082000
s6_depth,adaptive,14,50,5,500.000000,300.000000,3.000000,150.000000,120.000000,6.000000,512,10000.000000,200.000000,165,32,74,90,1376,22,19.393939,0.367360,1.873711,1.093750,-1.000000,1,0.935408,3.383351,25.316000
s6_depth,adaptive,13,50,5,500.000000,300.000000,3.000000,150.000000,120.000000,6.000000,512,10000.000000,200.000000,165,67,57,80,1349,25,40.606061,1.160960,1.623739,0.731343,-1.000000,1,0.922448,4.273998,26.444000
s6_depth,adaptive,15,50,5,500.000000,300.000000,3.000000,150.000000,120.000000,6.000000,512,10000.000000,200.000000,164,61,70,89,1245,4,37.195122,0.922880,1.891075,1.065574,-1.000000,1,0.929045,3.464275,23.514000
s6_depth,adaptive,16,50,5,500.000000,300.000000,3.000000,150.000000,120.000000,6.000000,512,10000.000000,200.000000,165,47,61,110,1384,12,28.484848,0.751360,2.407200,1.404255,-1.000000,1,0.931084,3.679685,25.744000
s6_depth,adaptive,17,50,5,500.000000,300.000000,3.000000,150.000000,120.000000,6.000000,512,10000.000000,200.000000,163,46,91,120,1266,16,28.220859,0.596480,2.119317,1.304348,-1.000000,1,0.927317,3.750289,24.826000
s6_depth,adaptive,18,50,5,500.000000,300.000000,3.000000,150.000000,120.000000,6.000000,512,10000.000000,200.000000,165,70,63,50,1299,11,42.424242,1.164800,2.694690,1.671429,-1.000000,1,0.925413,3.873413,24.960000
s6_depth,adaptive,19,50,5,500.000000,300.000000,3.000000,150.000000,120.000000,6.000000,512,10000.000000,200.000000,165,64,142,43,1334,1,38.787879,1.022720,3.092726,2.015625,-1.000000,1,0.899591,5.593209,26.380000
s6_depth,adaptive,20,50,5,500.000000,300.000000,3.000000,150.000000,120.000000,6.000000,512,10000.000000,200.000000,164,48,50,121,1330,5,29.268293,0.829440,1.657217,0.770833,-1.000000,1,0.927605,3.832915,25.478000
s6_depth,vbf,1,50,5,500.000000,300.000000,3.000000,150.000000,120.000000,6.000000,512,10000.000000,200.000000,164,13,72,0,535,0,7.926829,0.281840,3.298199,1.000000,-1.000000,1,0.639875,9.580028,10.380000
s6_depth,vbf,2,50,5,500.000000,300.000000,3.000000,150.000000,120.000000,6.000000,512,10000.000000,200.000000,164,17,77,0,617,0,10.365854,0.368560,3.848323,1.000000,-1.000000,1,0.753637,7.182957,12.530000
s6_depth,vbf,3,50,5,500.000000,300.000000,3.000000,150.000000,120.000000,6.000000,512,10000.000000,200.000000,165,16,86,0,578,0,9.696970,0.346880,3.644012,1.000000,-1.000000,1,0.679030,8.858811,11.162000
s6_depth,vbf,4,50,5,500.000000,300.000000,3.000000,150.000000,120.000000,6.000000,512,10000.000000,200.000000,163,17,90,0,577,0,10.429448,0.368560,3.320221,1.000000,-1.000000,1,0.641623,10.539144,11.494000
s6_depth,vbf,5,50,5,500.000000,300.000000,3.000000,150.000000,120.000000,6.000000,512,10000.000000,200.000000,165,7,36,0,627,0,4.242424,0.151760,4.247608,1.000000,-1.000000,1,0.690397,9.154155,12.076000
s6_depth,vbf,6,50,5,500.000000,300.000000,3.000000,150.000000,120.000000,6.000000,512,10000.000000,200.000000,165,8,65,0,507,0,4.848485,0.173440,4.594286,1.000000,-1.000000,1,0.659677,8.401201,9.812000
s6_depth,vbf,7,50,5,500.000000,300.000000,3.000000,150.000000,120.000000,6.000000,512,10000.000000,200.000000,165,16,73,0,582,0,9.696970,0.346880,4.361391,1.000000,-1.000000,1,0.706958,8.257130,11.670000
s6_depth,vbf,8,50,5,500.000000,300.000000,3.000000,150.000000,120.000000,6.000000,512,10000.000000,200.000000,164,8,18,0,528,0,4.878049,0.173440,4.192703,1.000000,-1.000000,1,0.644913,9.406443,10.386000
s6_depth,vbf,9,50,5,500.000000,300.000000,3.000000,150.000000,120.000000,6.000000,512,10000.000000,200.000000,163,8,74,0,597,0,4.907975,0.173440,4.058620,1.000000,-1.000000,1,0.622555,11.023667,11.206000
s6_depth,vbf,10,50,5,500.000000,300.000000,3.000000,150.000000,120.000000,6.000000,512,10000.000000,200.000000,165,12,42,0,748,0,7.272727,0.260160,4.950936,1.000000,-1.000000,1,0.843670,4.696018,13.746000
s6_depth,vbf,11,50,5,500.000000,300.000000,3.000000,150.000000,120.000000,6.000000,512,10000.000000,200.000000,165,12,45,0,501,0,7.272727,0.260160,3.529076,1.000000,-1.000000,1,0.615868,9.915293,9.838000
s6_depth,vbf,12,50,5,500.000000,300.000000,3.000000,150.000000,120.000000,6.000000,512,10000.000000,200.000000,165,11,75,0,526,0,6.666667,0.238480,3.787925,1.000000,-1.000000,1,0.639544,9.506844,10.288000
s6_depth,vbf,13,50,5,500.000000,300.000000,3.000000,150.000000,120.000000,6.000000,512,10000.000000,200.000000,165,10,69,0,633,0,6.060606,0.216800,3.444550,1.000000,-1.000000,1,0.742656,7.382829,12.226000
s6_depth,vbf,14,50,5,500.000000,300.000000,3.000000,150.000000,120.000000,6.000000,512,10000.000000,200.000000,165,9,21,0,564,0,5.454545,0.195120,5.560362,1.000000,-1.000000,1,0.620622,10.213741,10.310000
s6_depth,vbf,15,50,5,500.000000,300.000000,3.000000,150.000000,120.000000,6.000000,512,10000.000000,200.000000,164,14,55,0,467,0,8.536585,0.303520,3.570242,1.000000,-1.000000,1,0.564097,10.430640,8.630000
s6_depth,vbf,17,50,5,500.000000,300.000000,3.000000,150.000000,120.000000,6.000000,512,10000.000000,200.000000,163,11,57,0,520,0,6.748466,0.238480,5.803223,1.000000,-1.000000,1,0.653546,9.107538,10.390000
s6_depth,vbf,16,50,5,500.000000,300.000000,3.000000,150.000000,120.000000,6.000000,512,10000.000000,200.000000,165,9,70,0,637,0,5.454545,0.195120,5.643473,1.000000,-1.000000,1,0.763798,6.560662,12.028000
s6_depth,vbf,18,50,5,500.000000,300.000000,3.000000,150.000000,120.000000,6.000000,512,10000.000000,200.000000,165,12,81,0,559,0,7.272727,0.260160,5.299036,1.000000,-1.000000,1,0.661404,9.182346,10.796000
s6_depth,vbf,19,50,5,500.000000,300.000000,3.000000,150.000000,120.000000,6.000000,512,10000.000000,200.000000,165,12,96,0,565,0,7.272727,0.260160,5.149752,1.000000,-1.000000,1,0.580172,12.214378,10.682000
s6_depth,vbf,20,50,5,500.000000,300.000000,3.000000,150.000000,120.000000,6.000000,512,10000.000000,200.000000,164,9,62,0,575,0,5.487805,0.195120,4.577837,1.000000,-1.000000,1,0.717848,7.502857,11.112000
s6_depth,hhvbf,1,50,5,500.000000,300.000000,3.000000,150.000000,120.000000,6.000000,512,10000.000000,200.000000,164,12,71,0,522,0,7.317073,0.260160,4.596344,1.000000,-1.000000,1,0.666477,8.633049,10.352000
s6_depth,hhvbf,2,50,5,500.000000,300.000000,3.000000,150.000000,120.000000,6.000000,512,10000.000000,200.000000,164,19,81,0,693,0,11.585366,0.411920,4.369496,1.000000,-1.000000,1,0.784879,6.759791,13.818000
s6_depth,hhvbf,3,50,5,500.000000,300.000000,3.000000,150.000000,120.000000,6.000000,512,10000.000000,200.000000,165,15,86,0,662,0,9.090909,0.325200,4.153627,1.000000,-1.000000,1,0.704914,8.867009,12.424000
s6_depth,hhvbf,4,50,5,500.000000,300.000000,3.000000,150.000000,120.000000,6.000000,512,10000.000000,200.000000,163,18,79,0,622,0,11.042945,0.390240,4.274356,1.000000,-1.000000,1,0.666951,9.923982,11.922000
s6_depth,hhvbf,5,50,5,500.000000,300.000000,3.000000,150.000000,120.000000,6.000000,512,10000.000000,200.000000,165,7,51,0,746,0,4.242424,0.151760,5.692522,1.000000,-1.000000,1,0.731030,8.894990,13.966000
s6_depth,hhvbf,6,50,5,500.000000,300.000000,3.000000,150.000000,120.000000,6.000000,512,10000.000000,200.000000,165,8,69,0,559,0,4.848485,0.173440,5.340899,1.000000,-1.000000,1,0.678474,8.420339,10.586000
s6_depth,hhvbf,7,50,5,500.000000,300.000000,3.000000,150.000000,120.000000,6.000000,512,10000.000000,200.000000,165,15,74,0,672,0,9.090909,0.325200,4.562786,1.000000,-1.000000,1,0.730335,8.415588,13.172000
s6_depth,hhvbf,8,50,5,500.000000,300.000000,3.000000,150.000000,120.000000,6.000000,512,10000.000000,200.000000,164,10,22,0,621,0,6.097561,0.216800,5.469604,1.000000,-1.000000,1,0.713760,8.067192,11.738000
s6_depth,hhvbf,9,50,5,500.000000,300.000000,3.000000,150.000000,120.000000,6.000000,512,10000.000000,200.000000,163,9,74,0,673,0,5.521472,0.195120,4.007349,1.000000,-1.000000,1,0.658766,10.680168,12.430000
s6_depth,hhvbf,11,50,5,500.000000,300.000000,3.000000,150.000000,120.000000,6.000000,512,10000.000000,200.000000,165,13,48,0,520,0,7.878788,0.281840,3.715657,1.000000,-1.000000,1,0.622453,10.037766,10.200000
s6_depth,hhvbf,10,50,5,500.000000,300.000000,3.000000,150.000000,120.000000,6.000000,512,10000.000000,200.000000,165,14,49,0,891,0,8.484848,0.303520,5.192388,1.000000,-1.000000,1,0.886859,3.890459,16.162000
s6_depth,hhvbf,12,50,5,500.000000,300.000000,3.000000,150.000000,120.000000,6.000000,512,10000.000000,200.000000,165,13,76,0,614,0,7.878788,0.281840,4.616651,1.000000,-1.000000,1,0.679063,9.290939,11.708000
s6_depth,hhvbf,13,50,5,500.000000,300.000000,3.000000,150.000000,120.000000,6.000000,512,10000.000000,200.000000,165,11,71,0,740,0,6.666667,0.238480,4.218205,1.000000,-1.000000,1,0.780862,6.836897,13.680000
s6_depth,hhvbf,15,50,5,500.000000,300.000000,3.000000,150.000000,120.000000,6.000000,512,10000.000000,200.000000,164,14,48,0,532,0,8.536585,0.303520,4.526865,1.000000,-1.000000,1,0.600532,10.442157,9.808000
s6_depth,hhvbf,14,50,5,500.000000,300.000000,3.000000,150.000000,120.000000,6.000000,512,10000.000000,200.000000,165,15,28,0,719,0,9.090909,0.325200,7.370148,1.000000,-1.000000,1,0.755268,7.400760,13.012000
s6_depth,hhvbf,17,50,5,500.000000,300.000000,3.000000,150.000000,120.000000,6.000000,512,10000.000000,200.000000,163,13,77,0,650,0,7.975460,0.281840,7.255969,1.000000,-1.000000,1,0.699759,9.164446,12.566000
s6_depth,hhvbf,16,50,5,500.000000,300.000000,3.000000,150.000000,120.000000,6.000000,512,10000.000000,200.000000,165,9,87,0,763,0,5.454545,0.195120,6.604116,1.000000,-1.000000,1,0.799406,6.268959,13.884000
s6_depth,hhvbf,18,50,5,500.000000,300.000000,3.000000,150.000000,120.000000,6.000000,512,10000.000000,200.000000,165,14,53,0,572,0,8.484848,0.303520,5.861501,1.000000,-1.000000,1,0.672348,8.601275,10.554000
s6_depth,dbr,1,50,5,500.000000,300.000000,3.000000,150.000000,120.000000,6.000000,512,10000.000000,200.000000,164,5,8,0,212,0,3.048780,0.009400,45.452062,0.800000,-1.000000,1,0.481589,7.932883,4.974000
s6_depth,hhvbf,19,50,5,500.000000,300.000000,3.000000,150.000000,120.000000,6.000000,512,10000.000000,200.000000,165,15,88,0,610,0,9.090909,0.325200,6.484483,1.000000,-1.000000,1,0.631134,11.178560,11.726000
s6_depth,hhvbf,20,50,5,500.000000,300.000000,3.000000,150.000000,120.000000,6.000000,512,10000.000000,200.000000,164,9,65,0,666,0,5.487805,0.195120,4.444646,1.000000,-1.000000,1,0.759875,6.954977,12.506000
s6_depth,dbr,2,50,5,500.000000,300.000000,3.000000,150.000000,120.000000,6.000000,512,10000.000000,200.000000,164,5,30,0,212,0,3.048780,0.009400,27.331672,2.000000,-1.000000,1,0.518148,6.598756,4.674000
s6_depth,dbr,3,50,5,500.000000,300.000000,3.000000,150.000000,120.000000,6.000000,512,10000.000000,200.000000,165,8,51,0,214,0,4.848485,0.015040,65.030852,1.375000,-1.000000,1,0.466958,8.439784,5.040000
s6_depth,dbr,4,50,5,500.000000,300.000000,3.000000,150.000000,120.000000,6.000000,512,10000.000000,200.000000,163,4,50,0,211,0,2.453988,0.007520,57.665064,0.250000,-1.000000,1,0.492160,7.655396,4.972000
s6_depth,dbr,5,50,5,500.000000,300.000000,3.000000,150.000000,120.000000,6.000000,512,10000.000000,200.000000,165,1,14,0,213,0,0.606061,0.001880,102.090849,0.000000,-1.000000,1,0.455589,7.893269,4.538000
s6_depth,dbr,6,50,5,500.000000,300.000000,3.000000,150.000000,120.000000,6.000000,512,10000.000000,200.000000,165,1,0,0,211,0,0.606061,0.001880,24.530956,1.000000,-1.000000,1,0.438247,8.347684,4.528000
s6_depth,dbr,7,50,5,500.000000,300.000000,3.000000,150.000000,120.000000,6.000000,512,10000.000000,200.000000,165,3,14,0,213,0,1.818182,0.005640,110.556066,0.333333,-1.000000,1,0.500557,7.420208,4.956000
s6_depth,dbr,8,50,5,500.000000,300.000000,3.000000,150.000000,120.000000,6.000000,512,10000.000000,200.000000,164,0,0,0,211,0,0.000000,0.000000,0.000000,0.000000,-1.000000,1,0.411931,8.719743,4.326000
s6_depth,dbr,10,50,5,500.000000,300.000000,3.000000,150.000000,120.000000,6.000000,512,10000.000000,200.000000,165,6,9,0,213,0,3.636364,0.011280,64.194789,3.166667,-1.000000,1,0.413592,7.884725,3.934000
s6_depth,dbr,9,50,5,500.000000,300.000000,3.000000,150.000000,120.000000,6.000000,512,10000.000000,200.000000,163,6,20,0,211,0,3.680982,0.011280,68.098037,1.833333,-1.000000,1,0.443179,8.645565,4.768000
s6_depth,dbr,11,50,5,500.000000,300.000000,3.000000,150.000000,120.000000,6.000000,512,10000.000000,200.000000,165,4,23,0,212,0,2.424242,0.007520,52.989658,1.500000,-1.000000,1,0.446397,8.401990,4.684000
s6_depth,dbr,12,50,5,500.000000,300.000000,3.000000,150.000000,120.000000,6.000000,512,10000.000000,200.000000,165,3,8,0,214,0,1.818182,0.005640,17.019562,1.000000,-1.000000,1,0.432138,8.461202,4.496000
s6_depth,dbr,13,50,5,500.000000,300.000000,3.000000,150.000000,120.000000,6.000000,512,10000.000000,200.000000,165,3,37,0,212,0,1.818182,0.005640,28.456406,0.333333,-1.000000,1,0.439508,8.253600,4.496000
s6_depth,dbr,14,50,5,500.000000,300.000000,3.000000,150.000000,120.000000,6.000000,512,10000.000000,200.000000,165,5,4,0,213,0,3.030303,0.009400,44.003629,1.000000,-1.000000,1,0.367473,9.438803,4.010000
s6_depth,dbr,16,50,5,500.000000,300.000000,3.000000,150.000000,120.000000,6.000000,512,10000.000000,200.000000,165,6,10,0,213,0,3.636364,0.011280,10.642693,5.833333,-1.000000,1,0.433500,8.055205,4.300000
s6_depth,dbr,15,50,5,500.000000,300.000000,3.000000,150.000000,120.000000,6.000000,512,10000.000000,200.000000,164,7,6,0,212,0,4.268293,0.013160,28.692570,1.285714,-1.000000,1,0.376094,9.117559,3.994000
s6_depth,dbr,17,50,5,500.000000,300.000000,3.000000,150.000000,120.000000,6.000000,512,10000.000000,200.000000,163,0,0,0,211,0,0.000000,0.000000,0.000000,0.000000,-1.000000,1,0.411767,8.551182,4.240000
s6_depth,dbr,18,50,5,500.000000,300.000000,3.000000,150.000000,120.000000,6.000000,512,10000.000000,200.000000,165,4,8,0,214,0,2.424242,0.007520,54.559544,2.000000,-1.000000,1,0.376821,9.185259,4.034000
s6_depth,dbr,19,50,5,500.000000,300.000000,3.000000,150.000000,120.000000,6.000000,512,10000.000000,200.000000,165,4,0,0,208,0,2.424242,0.007520,6.412965,1.500000,-1.000000,1,0.334067,11.780896,4.430000
s6_depth,dbr,20,50,5,500.000000,300.000000,3.000000,150.000000,120.000000,6.000000,512,10000.000000,200.000000,164,1,23,0,211,0,0.609756,0.001880,5.849829,0.000000,-1.000000,1,0.469149,7.836417,4.714000
s6_depth,adaptive,1,50,5,500.000000,500.000000,3.000000,150.000000,120.000000,6.000000,512,10000.000000,200.000000,164,25,35,119,1269,19,15.243902,0.416000,2.659563,1.600000,-1.000000,1,0.899313,4.612335,21.690000
s6_depth,adaptive,2,50,5,500.000000,500.000000,3.000000,150.000000,120.000000,6.000000,512,10000.000000,200.000000,164,69,82,120,1336,6,42.073171,1.105920,2.453398,1.521739,-1.000000,1,0.927110,3.585062,23.662000
s6_depth,adaptive,3,50,5,500.000000,500.000000,3.000000,150.000000,120.000000,6.000000,512,10000.000000,200.000000,165,56,47,108,1386,16,33.939394,0.897280,2.271296,1.303571,-1.000000,1,0.873438,6.050918,22.290000
s6_depth,adaptive,4,50,5,500.000000,500.000000,3.000000,150.000000,120.000000,6.000000,512,10000.000000,200.000000,163,76,83,107,1327,19,46.625767,1.326080,1.188928,0.407895,-1.000000,1,0.890891,5.272157,22.766000
s6_depth,adaptive,5,50,5,500.000000,500.000000,3.000000,150.000000,120.000000,6.000000,512,10000.000000,200.000000,165,28,18,133,1374,25,16.969697,0.458240,1.649601,0.785714,-1.000000,1,0.905982,4.389007,22.190000
s6_depth,adaptive,6,50,5,500.000000,500.000000,3.000000,150.000000,120.000000,6.000000,512,10000.000000,200.000000,165,18,28,136,1281,20,10.909091,0.272640,2.798182,1.833333,-1.000000,1,0.899248,4.420540,20.774000
s6_depth,adaptive,7,50,5,500.000000,500.000000,3.000000,150.000000,120.000000,6.000000,512,10000.000000,200.000000,165,33,43,86,1342,13,20.000000,0.464640,3.441284,2.363636,-1.000000,1,0.926631,3.433521,22.508000
s6_depth,adaptive,8,50,5,500.000000,500.000000,3.000000,150.000000,120.000000,6.000000,512,10000.000000,200.000000,164,23,38,135,1277,16,14.024390,0.240640,2.240542,1.434783,-1.000000,1,0.915453,3.753855,21.220000
s6_depth,adaptive,9,50,5,500.000000,500.000000,3.000000,150.000000,120.000000,6.000000,512,10000.000000,200.000000,163,44,64,121,1347,18,26.993865,0.747520,1.698175,0.818182,-1.000000,1,0.890130,5.069149,21.728000
s6_depth,adaptive,10,50,5,500.000000,500.000000,3.000000,150.000000,120.000000,6.000000,512,10000.000000,200.000000,165,19,68,156,1302,6,11.515152,0.177920,1.453989,0.842105,-1.000000,1,0.953577,2.065138,21.714000
s6_depth,adaptive,12,50,5,500.000000,500.000000,3.000000,150.000000,120.000000,6.000000,512,10000.000000,200.000000,165,44,76,137,1255,13,26.666667,0.574720,2.677137,1.750000,-1.000000,1,0.915384,3.780797,21.354000
s6_depth,adaptive,11,50,5,500.000000,500.000000,3.000000,150.000000,120.000000,6.000000,512,10000.000000,200.000000,165,52,56,131,1200,13,31.515152,0.815360,1.505054,0.673077,-1.000000,1,0.912141,3.812532,20.700000
s6_depth,adaptive,13,50,5,500.000000,500.000000,3.000000,150.000000,120.000000,6.000000,512,10000.000000,200.000000,165,63,42,115,1314,14,38.181818,1.079040,1.785963,0.841270,-1.000000,1,0.892408,5.092911,22.322000
s6_depth,adaptive,14,50,5,500.000000,500.000000,3.000000,150.000000,120.000000,6.000000,512,10000.000000,200.000000,165,15,33,121,1350,24,9.090909,0.134400,1.733641,1.066667,-1.000000,1,0.908679,4.141010,21.588000
s6_depth,adaptive,15,50,5,500.000000,500.000000,3.000000,150.000000,120.000000,6.000000,512,10000.000000,200.000000,164,40,57,138,1227,4,24.390244,0.665600,3.080237,1.950000,-1.000000,1,0.914728,3.467761,19.428000
s6_depth,adaptive,16,50,5,500.000000,500.000000,3.000000,150.000000,120.000000,6.000000,512,10000.000000,200.000000,165,16,26,116,1355,13,9.696970,0.250880,2.526214,1.562500,-1.000000,1,0.929526,3.181544,21.748000
s6_depth,adaptive,17,50,5,500.000000,500.000000,3.000000,150.000000,120.000000,6.000000,512,10000.000000,200.000000,163,24,27,141,1278,14,14.723926,0.280320,1.582355,0.916667,-1.000000,1,0.915422,3.721320,21.028000
s6_depth,adaptive,18,50,5,500.000000,500.000000,3.000000,150.000000,120.000000,6.000000,512,10000.000000,200.000000,165,45,42,95,1293,12,27.272727,0.768000,2.754728,1.733333,-1.000000,1,0.910068,4.088356,21.660000
s6_depth,adaptive,19,50,5,500.000000,500.000000,3.000000,150.000000,120.000000,6.000000,512,10000.000000,200.000000,165,45,67,116,1291,8,27.272727,0.729600,3.677830,2.577778,-1.000000,1,0.912975,3.920441,21.500000
s6_depth,adaptive,20,50,5,500.000000,500.000000,3.000000,150.000000,120.000000,6.000000,512,10000.000000,200.000000,164,29,38,129,1328,12,17.682927,0.497920,1.607450,0.724138,-1.000000,1,0.926317,3.402567,22.206000
s6_depth,vbf,1,50,5,500.000000,500.000000,3.000000,150.000000,120.000000,6.000000,512,10000.000000,200.000000,164,5,36,0,480,0,3.048780,0.108400,5.734793,1.000000,-1.000000,1,0.543511,10.915517,8.420000
s6_depth,vbf,3,50,5,500.000000,500.000000,3.000000,150.000000,120.000000,6.000000,512,10000.000000,200.000000,165,11,63,0,526,0,6.666667,0.238480,4.689858,1.000000,-1.000000,1,0.571323,10.761913,9.128000
s6_depth,vbf,4,50,5,500.000000,500.000000,3.000000,150.000000,120.000000,6.000000,512,10000.000000,200.000000,163,8,80,0,503,0,4.907975,0.173440,3.607539,1.000000,-1.000000,1,0.580520,10.411138,9.116000
s6_depth,vbf,2,50,5,500.000000,500.000000,3.000000,150.000000,120.000000,6.000000,512,10000.000000,200.000000,164,15,72,0,530,0,9.146341,0.325200,4.361571,1.000000,-1.000000,1,0.634918,9.222285,9.810000
s6_depth,vbf,5,50,5,500.000000,500.000000,3.000000,150.000000,120.000000,6.000000,512,10000.000000,200.000000,165,5,28,0,578,0,3.030303,0.108400,4.389355,1.000000,-1.000000,1,0.615441,9.916450,9.824000
s6_depth,vbf,6,50,5,500.000000,500.000000,3.000000,150.000000,120.000000,6.000000,512,10000.000000,200.000000,165,4,14,0,418,0,2.424242,0.086720,5.905155,1.000000,-1.000000,1,0.556407,8.770262,7.068000
s6_depth,vbf,7,50,5,500.000000,500.000000,3.000000,150.000000,120.000000,6.000000,512,10000.000000,200.000000,165,8,47,0,571,0,4.848485,0.173440,7.279366,1.000000,-1.000000,1,0.675086,8.229767,10.208000
s6_depth,vbf,8,50,5,500.000000,500.000000,3.000000,150.000000,120.000000,6.000000,512,10000.000000,200.000000,164,4,22,0,485,0,2.439024,0.086720,5.556594,1.000000,-1.000000,1,0.537422,10.988788,8.304000
s6_depth,vbf,10,50,5,500.000000,500.000000,3.000000,150.000000,120.000000,6.000000,512,10000.000000,200.000000,165,8,12,0,525,0,4.848485,0.173440,6.297370,1.000000,-1.000000,1,0.695555,6.667425,8.984000
s6_depth,vbf,9,50,5,500.000000,500.000000,3.000000,150.000000,120.000000,6.000000,512,10000.000000,200.000000,163,6,56,0,532,0,3.680982,0.130080,4.008450,1.000000,-1.000000,1,0.556707,11.299915,9.116000
s6_depth,vbf,12,50,5,500.000000,500.000000,3.000000,150.000000,120.000000,6.000000,512,10000.000000,200.000000,165,9,42,0,458,0,5.454545,0.195120,4.401150,1.000000,-1.000000,1,0.566562,9.345655,7.798000
s6_depth,vbf,11,50,5,500.000000,500.000000,3.000000,150.000000,120.000000,6.000000,512,10000.000000,200.000000,165,11,34,0,378,0,6.666667,0.238480,3.518179,1.000000,-1.000000,1,0.524626,9.496400,6.874000
s6_depth,vbf,13,50,5,500.000000,500.000000,3.000000,150.000000,120.000000,6.000000,512,10000.000000,200.000000,165,10,59,0,499,0,6.060606,0.216800,3.618522,1.000000,-1.000000,1,0.575596,10.195380,8.776000
s6_depth,vbf,14,50,5,500.000000,500.000000,3.000000,150.000000,120.000000,6.000000,512,10000.000000,200.000000,165,6,7,0,520,0,3.636364,0.130080,6.786467,1.000000,-1.000000,1,0.530101,11.924888,8.792000
s6_depth,vbf,15,50,5,500.000000,500.000000,3.000000,150.000000,120.000000,6.000000,512,10000.000000,200.000000,164,7,55,0,449,0,4.268293,0.151760,5.447545,1.000000,-1.000000,1,0.500382,11.034928,7.366000
s6_depth,vbf,16,50,5,500.000000,500.000000,3.000000,150.000000,120.000000,6.000000,512,10000.000000,200.000000,165,3,15,0,564,0,1.818182,0.065040,2.738510,1.000000,-1.000000,1,0.689569,7.216685,9.488000
s6_depth,vbf,17,50,5,500.000000,500.000000,3.000000,150.000000,120.000000,6.000000,512,10000.000000,200.000000,163,6,16,0,457,0,3.680982,0.130080,5.978693,1.000000,-1.000000,1,0.575147,8.882445,7.634000
s6_depth,vbf,19,50,5,500.000000,500.000000,3.000000,150.000000,120.000000,6.000000,512,10000.000000,200.000000,165,8,42,0,499,0,4.848485,0.173440,6.300254,1.000000,-1.000000,1,0.458866,14.107446,8.200000
s6_depth,vbf,18,50,5,500.000000,500.000000,3.000000,150.000000,120.000000,6.000000,512,10000.000000,200.000000,165,6,56,0,418,0,3.636364,0.130080,5.472010,1.000000,-1.000000,1,0.524630,10.253297,7.422000
s6_depth,hhvbf,1,50,5,500.000000,500.000000,3.000000,150.000000,120.000000,6.000000,512,10000.000000,200.000000,164,5,45,0,523,0,3.048780,0.108400,5.733629,1.000000,-1.000000,1,0.598877,9.582556,8.948000
s6_depth,hhvbf,2,50,5,500.000000,500.000000,3.000000,150.000000,120.000000,6.000000,512,10000.000000,200.000000,164,14,59,0,607,0,8.536585,0.303520,4.330142,1.000000,-1.000000,1,0.657364,9.457585,10.948000
s6_depth,vbf,20,50,5,500.000000,500.000000,3.000000,150.000000,120.000000,6.000000,512,10000.000000,200.000000,164,3,45,0,542,0,1.829268,0.065040,2.256422,1.000000,-1.000000,1,0.653496,8.388617,9.568000
s6_depth,hhvbf,4,50,5,500.000000,500.000000,3.000000,150.000000,120.000000,6.000000,512,10000.000000,200.000000,163,8,79,0,546,0,4.907975,0.173440,3.648937,1.000000,-1.000000,1,0.591632,10.447752,9.510000
s6_depth,hhvbf,3,50,5,500.000000,500.000000,3.000000,150.000000,120.000000,6.000000,512,10000.000000,200.000000,165,12,70,0,607,0,7.272727,0.260160,3.990707,1.000000,-1.000000,1,0.610788,10.592868,10.320000
s6_depth,hhvbf,5,50,5,500.000000,500.000000,3.000000,150.000000,120.000000,6.000000,512,10000.000000,200.000000,165,4,27,0,698,0,2.424242,0.086720,3.166100,1.000000,-1.000000,1,0.650376,10.259546,11.564000
s6_depth,hhvbf,6,50,5,500.000000,500.000000,3.000000,150.000000,120.000000,6.000000,512,10000.000000,200.000000,165,5,25,0,524,0,3.030303,0.108400,7.599971,1.000000,-1.000000,1,0.606419,9.043565,8.674000
s6_depth,hhvbf,8,50,5,500.000000,500.000000,3.000000,150.000000,120.000000,6.000000,512,10000.000000,200.000000,164,7,22,0,545,0,4.268293,0.151760,7.290638,1.000000,-1.000000,1,0.595170,9.984388,9.202000
s6_depth,hhvbf,7,50,5,500.000000,500.000000,3.000000,150.000000,120.000000,6.000000,512,10000.000000,200.000000,165,9,43,0,615,0,5.454545,0.195120,8.058923,1.000000,-1.000000,1,0.701012,7.815057,10.772000
s6_depth,hhvbf,9,50,5,500.000000,500.000000,3.000000,150.000000,120.000000,6.000000,512,10000.000000,200.000000,163,6,65,0,627,0,3.680982,0.130080,4.405294,1.000000,-1.000000,1,0.637375,9.801862,10.522000
s6_depth,hhvbf,10,50,5,500.000000,500.000000,3.000000,150.000000,120.000000,6.000000,512,10000.000000,200.000000,165,8,14,0,607,0,4.848485,0.173440,7.775874,1.000000,-1.000000,1,0.748982,5.998806,10.234000
s6_depth,hhvbf,11,50,5,500.000000,500.000000,3.000000,150.000000,120.000000,6.000000,512,10000.000000,200.000000,165,11,39,0,436,0,6.666667,0.238480,3.655387,1.000000,-1.000000,1,0.573570,9.066706,7.750000
s6_depth,hhvbf,12,50,5,500.000000,500.000000,3.000000,150.000000,120.000000,6.000000,512,10000.000000,200.000000,165,11,49,0,542,0,6.666667,0.238480,5.801049,1.000000,-1.000000,1,0.620893,8.923061,9.016000
s6_depth,hhvbf,13,50,5,500.000000,500.000000,3.000000,150.000000,120.000000,6.000000,512,10000.000000,200.000000,165,10,74,0,613,0,6.060606,0.216800,4.566200,1.000000,-1.000000,1,0.642406,9.637946,10.542000
s6_depth,hhvbf,14,50,5,500.000000,500.000000,3.000000,150.000000,120.000000,6.000000,512,10000.000000,200.000000,165,8,15,0,611,0,4.848485,0.173440,6.667409,1.000000,-1.000000,1,0.584333,11.556466,10.254000
s6_depth,hhvbf,16,50,5,500.000000,500.000000,3.000000,150.000000,120.000000,6.000000,512,10000.000000,200.000000,165,4,16,0,633,0,2.424242,0.086720,3.174642,1.000000,-1.000000,1,0.716200,7.174611,10.550000
s6_depth,hhvbf,15,50,5,500.000000,500.000000,3.000000,150.000000,120.000000,6.000000,512,10000.000000,200.000000,164,7,57,0,493,0,4.268293,0.151760,5.919621,1.000000,-1.000000,1,0.525747,10.982933,7.980000
s6_depth,hhvbf,17,50,5,500.000000,500.000000,3.000000,150.000000,120.000000,6.000000,512,10000.000000,200.000000,163,6,17,0,483,0,3.680982,0.130080,5.234737,1.000000,-1.000000,1,0.583023,9.123075,8.058000
s6_depth,hhvbf,18,50,5,500.000000,500.000000,3.000000,150.000000,120.000000,6.000000,512,10000.000000,200.000000,165,6,64,0,468,0,3.636364,0.130080,5.332120,1.000000,-1.000000,1,0.573683,9.697002,8.292000
s6_depth,hhvbf,19,50,5,500.000000,500.000000,3.000000,150.000000,120.000000,6.000000,512,10000.000000,200.000000,165,8,48,0,571,0,4.848485,0.173440,6.838341,1.000000,-1.000000,1,0.529470,12.806469,9.422000
s6_depth,hhvbf,20,50,5,500.000000,500.000000,3.000000,150.000000,120.000000,6.000000,512,10000.000000,200.000000,164,4,52,0,593,0,2.439024,0.086720,2.933798,1.000000,-1.000000,1,0.671094,8.440721,10.306000
s6_depth,dbr,1,50,5,500.000000,500.000000,3.000000,150.000000,120.000000,6.000000,512,10000.000000,200.000000,164,2,5,0,209,0,1.219512,0.003760,79.519904,1.000000,-1.000000,1,0.377390,9.362240,4.120000
s6_depth,dbr,2,50,5,500.000000,500.000000,3.000000,150.000000,120.000000,6.000000,512,10000.000000,200.000000,164,2,12,0,210,0,1.219512,0.003760,66.282580,2.000000,-1.000000,1,0.410609,7.993912,3.948000
s6_depth,dbr,3,50,5,500.000000,500.000000,3.000000,150.000000,120.000000,6.000000,512,10000.000000,200.000000,165,5,20,0,207,0,3.030303,0.009400,114.439553,0.600000,-1.000000,1,0.375877,9.156560,4.008000
s6_depth,dbr,4,50,5,500.000000,500.000000,3.000000,150.000000,120.000000,6.000000,512,10000.000000,200.000000,163,3,43,0,209,0,1.840491,0.005640,37.097082,0.333333,-1.000000,1,0.403855,8.579249,4.140000
s6_depth,dbr,5,50,5,500.000000,500.000000,3.000000,150.000000,120.000000,6.000000,512,10000.000000,200.000000,165,2,8,0,207,0,1.212121,0.003760,129.664390,0.500000,-1.000000,1,0.342955,9.329252,3.626000
s6_depth,dbr,6,50,5,500.000000,500.000000,3.000000,150.000000,120.000000,6.000000,512,10000.000000,200.000000,165,1,0,0,205,0,0.606061,0.001880,43.588282,2.000000,-1.000000,1,0.361029,8.734428,3.626000
s6_depth,dbr,7,50,5,500.000000,500.000000,3.000000,150.000000,120.000000,6.000000,512,10000.000000,200.000000,165,1,0,0,208,0,0.606061,0.001880,133.315357,2.000000,-1.000000,1,0.358161,9.375295,3.852000
s6_depth,dbr,8,50,5,500.000000,500.000000,3.000000,150.000000,120.000000,6.000000,512,10000.000000,200.000000,164,0,0,0,203,0,0.000000,0.000000,0.000000,0.000000,-1.000000,1,0.325655,9.777973,3.562000
s6_depth,dbr,9,50,5,500.000000,500.000000,3.000000,150.000000,120.000000,6.000000,512,10000.000000,200.000000,163,3,22,0,205,0,1.840491,0.005640,7.601132,1.000000,-1.000000,1,0.355911,9.348915,3.810000
s6_depth,dbr,10,50,5,500.000000,500.000000,3.000000,150.000000,120.000000,6.000000,512,10000.000000,200.000000,165,8,0,0,211,0,4.848485,0.015040,91.894830,2.625000,-1.000000,1,0.343043,8.914706,3.466000
s6_depth,dbr,11,50,5,500.000000,500.000000,3.000000,150.000000,120.000000,6.000000,512,10000.000000,200.000000,165,7,15,0,210,0,4.242424,0.013160,95.048119,1.571429,-1.000000,1,0.367946,9.225490,3.926000
s6_depth,dbr,12,50,5,500.000000,500.000000,3.000000,150.000000,120.000000,6.000000,512,10000.000000,200.000000,165,3,2,0,212,0,1.818182,0.005640,69.254042,1.666667,-1.000000,1,0.348451,9.147617,3.628000
s6_depth,dbr,13,50,5,500.000000,500.000000,3.000000,150.000000,120.000000,6.000000,512,10000.000000,200.000000,165,3,30,0,210,0,1.818182,0.005640,42.518610,0.333333,-1.000000,1,0.367015,9.058175,3.842000
s6_depth,dbr,14,50,5,500.000000,500.000000,3.000000,150.000000,120.000000,6.000000,512,10000.000000,200.000000,165,2,2,0,209,0,1.212121,0.003760,6.323116,0.500000,-1.000000,1,0.287111,11.089663,3.470000
s6_depth,dbr,16,50,5,500.000000,500.000000,3.000000,150.000000,120.000000,6.000000,512,10000.000000,200.000000,165,1,8,0,206,0,0.606061,0.001880,24.109245,0.000000,-1.000000,1,0.342183,9.221751,3.574000
s6_depth,dbr,15,50,5,500.000000,500.000000,3.000000,150.000000,120.000000,6.000000,512,10000.000000,200.000000,164,5,12,0,209,0,3.048780,0.009400,82.365259,3.000000,-1.000000,1,0.309652,10.213408,3.498000
s6_depth,dbr,17,50,5,500.000000,500.000000,3.000000,150.000000,120.000000,6.000000,512,10000.000000,200.000000,163,0,0,0,204,0,0.000000,0.000000,0.000000,0.000000,-1.000000,1,0.326013,9.808539,3.578000
s6_depth,dbr,18,50,5,500.000000,500.000000,3.000000,150.000000,120.000000,6.000000,512,10000.000000,200.000000,165,3,3,0,206,0,1.818182,0.005640,85.400977,2.333333,-1.000000,1,0.293121,10.827214,3.472000
s6_depth,dbr,19,50,5,500.000000,500.000000,3.000000,150.000000,120.000000,6.000000,512,10000.000000,200.000000,165,1,0,0,207,0,0.606061,0.001880,7.387036,2.000000,-1.000000,1,0.273127,11.845032,3.496000
s6_depth,dbr,20,50,5,500.000000,500.000000,3.000000,150.000000,120.000000,6.000000,512,10000.000000,200.000000,164,1,23,0,210,0,0.609756,0.001880,5.850429,0.000000,-1.000000,1,0.404382,8.191376,3.960000
s6_depth,adaptive,1,50,5,500.000000,700.000000,3.000000,150.000000,120.000000,6.000000,512,10000.000000,200.000000,164,4,14,111,1223,10,2.439024,0.043520,3.649104,2.500000,-1.000000,1,0.898308,4.110089,19.126000
s6_depth,adaptive,2,50,5,500.000000,700.000000,3.000000,150.000000,120.000000,6.000000,512,10000.000000,200.000000,164,54,68,132,1271,6,32.926829,0.856320,3.194193,2.129630,-1.000000,1,0.912302,3.822132,20.792000
s6_depth,adaptive,3,50,5,500.000000,700.000000,3.000000,150.000000,120.000000,6.000000,512,10000.000000,200.000000,165,25,22,129,1318,17,15.151515,0.396800,2.422391,1.480000,-1.000000,1,0.876148,5.102128,19.238000
s6_depth,adaptive,5,50,5,500.000000,700.000000,3.000000,150.000000,120.000000,6.000000,512,10000.000000,200.000000,165,6,4,127,1309,13,3.636364,0.084480,2.577019,1.666667,-1.000000,1,0.906546,3.778324,19.224000
s6_depth,adaptive,4,50,5,500.000000,700.000000,3.000000,150.000000,120.000000,6.000000,512,10000.000000,200.000000,163,76,69,126,1349,14,46.625767,1.345280,1.254703,0.421053,-1.000000,1,0.893087,4.797631,21.170000
s6_depth,adaptive,6,50,5,500.000000,700.000000,3.000000,150.000000,120.000000,6.000000,512,10000.000000,200.000000,165,2,15,152,1237,13,1.212121,0.002560,0.129943,0.000000,-1.000000,1,0.904097,3.708723,18.362000
s6_depth,adaptive,7,50,5,500.000000,700.000000,3.000000,150.000000,120.000000,6.000000,512,10000.000000,200.000000,165,12,24,106,1262,18,7.272727,0.188160,4.862630,3.666667,-1.000000,1,0.915511,3.393008,19.194000
s6_depth,adaptive,8,50,5,500.000000,700.000000,3.000000,150.000000,120.000000,6.000000,512,10000.000000,200.000000,164,21,30,138,1245,17,12.804878,0.257280,3.179679,2.142857,-1.000000,1,0.906659,3.705180,18.876000
s6_depth,adaptive,9,50,5,500.000000,700.000000,3.000000,150.000000,120.000000,6.000000,512,10000.000000,200.000000,163,58,62,117,1276,8,35.582822,0.995840,1.329466,0.465517,-1.000000,1,0.876600,5.006586,18.952000
s6_depth,adaptive,10,50,5,500.000000,700.000000,3.000000,150.000000,120.000000,6.000000,512,10000.000000,200.000000,165,11,64,153,1183,14,6.666667,0.033280,0.422750,0.181818,-1.000000,1,0.958214,1.551457,18.168000
s6_depth,adaptive,11,50,5,500.000000,700.000000,3.000000,150.000000,120.000000,6.000000,512,10000.000000,200.000000,165,43,41,144,1177,12,26.060606,0.727040,1.244532,0.441860,-1.000000,1,0.898076,3.970532,18.432000
s6_depth,adaptive,12,50,5,500.000000,700.000000,3.000000,150.000000,120.000000,6.000000,512,10000.000000,200.000000,165,28,41,161,1208,10,16.969697,0.362240,1.962031,1.142857,-1.000000,1,0.905771,3.721351,18.770000
s6_depth,adaptive,15,50,5,500.000000,700.000000,3.000000,150.000000,120.000000,6.000000,512,10000.000000,200.000000,164,19,30,154,1164,7,11.585366,0.273920,3.168201,2.105263,-1.000000,1,0.933718,2.266315,16.510000
s6_depth,adaptive,14,50,5,500.000000,700.000000,3.000000,150.000000,120.000000,6.000000,512,10000.000000,200.000000,165,6,22,145,1208,9,3.636364,0.026880,0.252269,0.000000,-1.000000,1,0.921354,2.852689,17.394000
s6_depth,adaptive,13,50,5,500.000000,700.000000,3.000000,150.000000,120.000000,6.000000,512,10000.000000,200.000000,165,51,49,124,1292,12,30.909091,0.871680,1.727530,0.823529,-1.000000,1,0.907799,3.860586,19.924000
s6_depth,adaptive,16,50,5,500.000000,700.000000,3.000000,150.000000,120.000000,6.000000,512,10000.000000,200.000000,165,2,18,151,1197,15,1.212121,0.002560,0.110116,0.000000,-1.000000,1,0.922629,2.893122,17.944000
s6_depth,adaptive,17,50,5,500.000000,700.000000,3.000000,150.000000,120.000000,6.000000,512,10000.000000,200.000000,163,10,12,151,1226,23,6.134969,0.147200,2.416794,1.500000,-1.000000,1,0.909660,3.458108,18.234000
s6_depth,adaptive,18,50,5,500.000000,700.000000,3.000000,150.000000,120.000000,6.000000,512,10000.000000,200.000000,165,20,28,114,1263,10,12.121212,0.313600,2.165108,1.300000,-1.000000,1,0.903339,3.933606,19.314000
s6_depth,vbf,1,50,5,500.000000,700.000000,3.000000,150.000000,120.000000,6.000000,512,10000.000000,200.000000,164,1,0,0,452,0,0.609756,0.021680,10.726219,1.000000,-1.000000,1,0.508392,10.919021,7.486000
s6_depth,adaptive,19,50,5,500.000000,700.000000,3.000000,150.000000,120.000000,6.000000,512,10000.000000,200.000000,165,2,14,146,1169,4,1.212121,0.002560,0.124642,0.000000,-1.000000,1,0.920818,2.897788,17.544000
s6_depth,adaptive,20,50,5,500.000000,700.000000,3.000000,150.000000,120.000000,6.000000,512,10000.000000,200.000000,164,31,31,141,1326,11,18.902439,0.538880,1.424385,0.580645,-1.000000,1,0.917364,3.549669,20.552000
s6_depth,vbf,2,50,5,500.000000,700.000000,3.000000,150.000000,120.000000,6.000000,512,10000.000000,200.000000,164,12,50,0,500,0,7.317073,0.260160,4.748627,1.000000,-1.000000,1,0.609884,8.711870,8.460000
s6_depth,vbf,3,50,5,500.000000,700.000000,3.000000,150.000000,120.000000,6.000000,512,10000.000000,200.000000,165,5,23,0,492,0,3.030303,0.108400,5.388299,1.000000,-1.000000,1,0.524050,11.156352,8.060000
s6_depth,vbf,4,50,5,500.000000,700.000000,3.000000,150.000000,120.000000,6.000000,512,10000.000000,200.000000,163,7,75,0,485,0,4.294479,0.151760,2.837115,1.000000,-1.000000,1,0.561428,9.943357,8.152000
s6_depth,vbf,5,50,5,500.000000,700.000000,3.000000,150.000000,120.000000,6.000000,512,10000.000000,200.000000,165,3,6,0,483,0,1.818182,0.065040,3.225532,1.000000,-1.000000,1,0.541658,9.854383,7.554000
s6_depth,vbf,6,50,5,500.000000,700.000000,3.000000,150.000000,120.000000,6.000000,512,10000.000000,200.000000,165,1,0,0,392,0,0.606061,0.021680,10.441016,1.000000,-1.000000,1,0.488339,9.609126,6.162000
s6_depth,vbf,7,50,5,500.000000,700.000000,3.000000,150.000000,120.000000,6.000000,512,10000.000000,200.000000,165,3,29,0,474,0,1.818182,0.065040,7.773284,1.000000,-1.000000,1,0.585078,8.705005,7.744000
s6_depth,vbf,8,50,5,500.000000,700.000000,3.000000,150.000000,120.000000,6.000000,512,10000.000000,200.000000,164,4,9,0,414,0,2.439024,0.086720,10.719946,1.000000,-1.000000,1,0.470235,10.961817,6.618000
s6_depth,vbf,9,50,5,500.000000,700.000000,3.000000,150.000000,120.000000,6.000000,512,10000.000000,200.000000,163,7,77,0,434,0,4.294479,0.151760,4.118123,1.000000,-1.000000,1,0.455542,12.292352,7.066000
s6_depth,vbf,10,50,5,500.000000,700.000000,3.000000,150.000000,120.000000,6.000000,512,10000.000000,200.000000,165,2,1,0,335,0,1.212121,0.043360,3.947445,1.000000,-1.000000,1,0.472326,8.372326,5.090000
s6_depth,vbf,11,50,5,500.000000,700.000000,3.000000,150.000000,120.000000,6.000000,512,10000.000000,200.000000,165,5,33,0,340,0,3.030303,0.108400,3.416684,1.000000,-1.000000,1,0.421260,11.539693,5.910000
s6_depth,vbf,12,50,5,500.000000,700.000000,3.000000,150.000000,120.000000,6.000000,512,10000.000000,200.000000,165,8,23,0,416,0,4.848485,0.173440,7.190826,1.000000,-1.000000,1,0.522727,9.459706,6.804000
s6_depth,vbf,13,50,5,500.000000,700.000000,3.000000,150.000000,120.000000,6.000000,512,10000.000000,200.000000,165,7,41,0,475,0,4.242424,0.151760,3.464534,1.000000,-1.000000,1,0.564382,9.543834,7.904000
s6_depth,vbf,14,50,5,500.000000,700.000000,3.000000,150.000000,120.000000,6.000000,512,10000.000000,200.000000,165,1,1,0,361,0,0.606061,0.021680,0.930014,1.000000,-1.000000,1,0.341600,13.968486,5.402000
s6_depth,vbf,15,50,5,500.000000,700.000000,3.000000,150.000000,120.000000,6.000000,512,10000.000000,200.000000,164,2,13,0,319,0,1.219512,0.043360,7.727746,1.000000,-1.000000,1,0.338359,12.378801,4.730000
s6_depth,vbf,16,50,5,500.000000,700.000000,3.000000,150.000000,120.000000,6.000000,512,10000.000000,200.000000,165,0,0,0,400,0,0.000000,0.000000,0.000000,0.000000,-1.000000,1,0.505502,9.375411,6.366000
s6_depth,vbf,17,50,5,500.000000,700.000000,3.000000,150.000000,120.000000,6.000000,512,10000.000000,200.000000,163,2,12,0,416,0,1.226994,0.043360,3.675330,1.000000,-1.000000,1,0.513547,9.287476,6.478000
s6_depth,vbf,18,50,5,500.000000,700.000000,3.000000,150.000000,120.000000,6.000000,512,10000.000000,200.000000,165,3,24,0,404,0,1.818182,0.065040,7.796228,1.000000,-1.000000,1,0.492393,9.911054,6.442000
s6_depth,vbf,19,50,5,500.000000,700.000000,3.000000,150.000000,120.000000,6.000000,512,10000.000000,200.000000,165,1,2,0,336,0,0.606061,0.021680,6.344150,1.000000,-1.000000,1,0.319407,14.298778,5.086000
s6_depth,vbf,20,50,5,500.000000,700.000000,3.000000,150.000000,120.000000,6.000000,512,10000.000000,200.000000,164,3,47,0,468,0,1.829268,0.065040,4.434307,1.000000,-1.000000,1,0.607825,8.124807,7.832000
s6_depth,hhvbf,1,50,5,500.000000,700.000000,3.000000,150.000000,120.000000,6.000000,512,10000.000000,200.000000,164,2,3,0,488,0,1.219512,0.043360,13.783983,1.000000,-1.000000,1,0.527047,10.913193,7.964000
s6_depth,hhvbf,3,50,5,500.000000,700.000000,3.000000,150.000000,120.000000,6.000000,512,10000.000000,200.000000,165,6,28,0,555,0,3.636364,0.130080,6.268199,1.000000,-1.000000,1,0.558068,11.040291,8.948000
s6_depth,hhvbf,2,50,5,500.000000,700.000000,3.000000,150.000000,120.000000,6.000000,512,10000.000000,200.000000,164,12,59,0,537,0,7.317073,0.260160,4.438417,1.000000,-1.000000,1,0.619968,9.048397,9.112000
s6_depth,hhvbf,5,50,5,500.000000,700.000000,3.000000,150.000000,120.000000,6.000000,512,10000.000000,200.000000,165,3,5,0,504,0,1.818182,0.065040,2.532677,1.000000,-1.000000,1,0.546423,9.974033,7.770000
s6_depth,hhvbf,4,50,5,500.000000,700.000000,3.000000,150.000000,120.000000,6.000000,512,10000.000000,200.000000,163,7,76,0,513,0,4.294479,0.151760,3.062182,1.000000,-1.000000,1,0.581015,9.652191,8.466000
s6_depth,hhvbf,6,50,5,500.000000,700.000000,3.000000,150.000000,120.000000,6.000000,512,10000.000000,200.000000,165,0,0,0,452,0,0.000000,0.000000,0.000000,0.000000,-1.000000,1,0.533601,9.415366,7.024000
s6_depth,hhvbf,7,50,5,500.000000,700.000000,3.000000,150.000000,120.000000,6.000000,512,10000.000000,200.000000,165,3,26,0,512,0,1.818182,0.065040,8.515810,1.000000,-1.000000,1,0.609168,8.505026,8.238000
s6_depth,hhvbf,9,50,5,500.000000,700.000000,3.000000,150.000000,120.000000,6.000000,512,10000.000000,200.000000,163,7,75,0,468,0,4.294479,0.151760,2.587363,1.000000,-1.000000,1,0.490299,11.607136,7.492000
s6_depth,hhvbf,8,50,5,500.000000,700.000000,3.000000,150.000000,120.000000,6.000000,512,10000.000000,200.000000,164,5,18,0,486,0,3.048780,0.108400,10.643961,1.000000,-1.000000,1,0.536220,10.294673,7.748000
s6_depth,hhvbf,10,50,5,500.000000,700.000000,3.000000,150.000000,120.000000,6.000000,512,10000.000000,200.000000,165,3,0,0,391,0,1.818182,0.065040,6.893868,1.000000,-1.000000,1,0.564294,7.251818,6.004000
s6_depth,hhvbf,11,50,5,500.000000,700.000000,3.000000,150.000000,120.000000,6.000000,512,10000.000000,200.000000,165,6,35,0,365,0,3.636364,0.130080,3.624214,1.000000,-1.000000,1,0.475549,10.121698,6.220000
s6_depth,hhvbf,12,50,5,500.000000,700.000000,3.000000,150.000000,120.000000,6.000000,512,10000.000000,200.000000,165,10,30,0,497,0,6.060606,0.216800,6.267741,1.000000,-1.000000,1,0.590020,8.816602,7.980000
s6_depth,hhvbf,14,50,5,500.000000,700.000000,3.000000,150.000000,120.000000,6.000000,512,10000.000000,200.000000,165,1,1,0,409,0,0.606061,0.021680,0.930014,1.000000,-1.000000,1,0.410791,12.420467,6.138000
s6_depth,hhvbf,13,50,5,500.000000,700.000000,3.000000,150.000000,120.000000,6.000000,512,10000.000000,200.000000,165,8,45,0,537,0,4.848485,0.173440,4.859098,1.000000,-1.000000,1,0.621463,8.712987,8.822000
s6_depth,hhvbf,15,50,5,500.000000,700.000000,3.000000,150.000000,120.000000,6.000000,512,10000.000000,200.000000,164,5,18,0,351,0,3.048780,0.108400,8.024179,1.000000,-1.000000,1,0.393988,11.231096,5.238000
s6_depth,hhvbf,16,50,5,500.000000,700.000000,3.000000,150.000000,120.000000,6.000000,512,10000.000000,200.000000,165,0,0,0,484,0,0.000000,0.000000,0.000000,0.000000,-1.000000,1,0.602401,8.065442,7.626000
s6_depth,hhvbf,17,50,5,500.000000,700.000000,3.000000,150.000000,120.000000,6.000000,512,10000.000000,200.000000,163,2,14,0,429,0,1.226994,0.043360,3.685421,1.000000,-1.000000,1,0.507476,9.828856,6.718000
s6_depth,hhvbf,18,50,5,500.000000,700.000000,3.000000,150.000000,120.000000,6.000000,512,10000.000000,200.000000,165,4,24,0,450,0,2.424242,0.086720,6.759438,1.000000,-1.000000,1,0.528695,9.784584,7.180000
s6_depth,hhvbf,19,50,5,500.000000,700.000000,3.000000,150.000000,120.000000,6.000000,512,10000.000000,200.000000,165,1,5,0,394,0,0.606061,0.021680,6.352776,1.000000,-1.000000,1,0.394017,12.872228,6.004000
s6_depth,dbr,1,50,5,500.000000,700.000000,3.000000,150.000000,120.000000,6.000000,512,10000.000000,200.000000,164,0,0,0,208,0,0.000000,0.000000,0.000000,0.000000,-1.000000,1,0.340629,9.705726,3.740000
s6_depth,hhvbf,20,50,5,500.000000,700.000000,3.000000,150.000000,120.000000,6.000000,512,10000.000000,200.000000,164,3,36,0,540,0,1.829268,0.065040,2.246269,1.000000,-1.000000,1,0.630874,8.563255,8.974000
s6_depth,dbr,3,50,5,500.000000,700.000000,3.000000,150.000000,120.000000,6.000000,512,10000.000000,200.000000,165,0,0,0,206,0,0.000000,0.000000,0.000000,0.000000,-1.000000,1,0.329934,9.394009,3.478000
s6_depth,dbr,2,50,5,500.000000,700.000000,3.000000,150.000000,120.000000,6.000000,512,10000.000000,200.000000,164,2,3,0,204,0,1.219512,0.003760,93.329150,2.000000,-1.000000,1,0.342886,9.136051,3.550000
s6_depth,dbr,4,50,5,500.000000,700.000000,3.000000,150.000000,120.000000,6.000000,512,10000.000000,200.000000,163,3,44,0,207,0,1.840491,0.005640,45.021869,0.333333,-1.000000,1,0.361291,9.207508,3.826000
s6_depth,dbr,5,50,5,500.000000,700.000000,3.000000,150.000000,120.000000,6.000000,512,10000.000000,200.000000,165,1,0,0,204,0,0.606061,0.001880,196.341845,0.000000,-1.000000,1,0.292035,9.860217,3.148000
s6_depth,dbr,6,50,5,500.000000,700.000000,3.000000,150.000000,120.000000,6.000000,512,10000.000000,200.000000,165,1,0,0,203,0,0.606061,0.001880,198.163296,1.000000,-1.000000,1,0.307670,9.598649,3.262000
s6_depth,dbr,7,50,5,500.000000,700.000000,3.000000,150.000000,120.000000,6.000000,512,10000.000000,200.000000,165,0,0,0,205,0,0.000000,0.000000,0.000000,0.000000,-1.000000,1,0.307939,9.888351,3.364000
s6_depth,dbr,8,50,5,500.000000,700.000000,3.000000,150.000000,120.000000,6.000000,512,10000.000000,200.000000,164,1,0,0,206,0,0.609756,0.001880,109.581447,1.000000,-1.000000,1,0.304322,10.012452,3.358000
s6_depth,dbr,9,50,5,500.000000,700.000000,3.000000,150.000000,120.000000,6.000000,512,10000.000000,200.000000,163,4,35,0,202,0,2.453988,0.007520,31.056675,0.750000,-1.000000,1,0.315437,10.094456,3.536000
s6_depth,dbr,10,50,5,500.000000,700.000000,3.000000,150.000000,120.000000,6.000000,512,10000.000000,200.000000,165,4,0,0,209,0,2.424242,0.007520,127.969160,1.750000,-1.000000,1,0.293218,9.763123,3.132000
s6_depth,dbr,11,50,5,500.000000,700.000000,3.000000,150.000000,120.000000,6.000000,512,10000.000000,200.000000,165,6,20,0,211,0,3.636364,0.011280,103.955005,1.833333,-1.000000,1,0.338920,9.584663,3.670000
s6_depth,dbr,12,50,5,500.000000,700.000000,3.000000,150.000000,120.000000,6.000000,512,10000.000000,200.000000,165,5,5,0,209,0,3.030303,0.009400,126.635038,1.800000,-1.000000,1,0.299817,10.090171,3.324000
s6_depth,dbr,13,50,5,500.000000,700.000000,3.000000,150.000000,120.000000,6.000000,512,10000.000000,200.000000,165,1,16,0,209,0,0.606061,0.001880,103.146919,0.000000,-1.000000,1,0.313051,10.038491,3.484000
s6_depth,dbr,14,50,5,500.000000,700.000000,3.000000,150.000000,120.000000,6.000000,512,10000.000000,200.000000,165,1,2,0,199,0,0.606061,0.001880,5.878014,0.000000,-1.000000,1,0.229532,12.150344,2.944000
s6_depth,dbr,15,50,5,500.000000,700.000000,3.000000,150.000000,120.000000,6.000000,512,10000.000000,200.000000,164,2,0,0,205,0,1.219512,0.003760,193.701931,1.500000,-1.000000,1,0.259677,11.104195,3.092000
s6_depth,dbr,16,50,5,500.000000,700.000000,3.000000,150.000000,120.000000,6.000000,512,10000.000000,200.000000,165,0,0,0,202,0,0.000000,0.000000,0.000000,0.000000,-1.000000,1,0.275361,10.565439,3.148000
s6_depth,dbr,17,50,5,500.000000,700.000000,3.000000,150.000000,120.000000,6.000000,512,10000.000000,200.000000,163,0,0,0,201,0,0.000000,0.000000,0.000000,0.000000,-1.000000,1,0.288588,10.323812,3.250000
s6_depth,dbr,18,50,5,500.000000,700.000000,3.000000,150.000000,120.000000,6.000000,512,10000.000000,200.000000,165,2,0,0,204,0,1.212121,0.003760,33.707183,4.500000,-1.000000,1,0.263487,11.146255,3.156000
s6_depth,dbr,19,50,5,500.000000,700.000000,3.000000,150.000000,120.000000,6.000000,512,10000.000000,200.000000,165,0,0,0,205,0,0.000000,0.000000,0.000000,0.000000,-1.000000,1,0.245845,11.755745,3.076000
s6_depth,dbr,20,50,5,500.000000,700.000000,3.000000,150.000000,120.000000,6.000000,512,10000.000000,200.000000,164,1,26,0,209,0,0.609756,0.001880,5.850820,0.000000,-1.000000,1,0.364274,8.599857,3.612000
s6_depth,adaptive,1,50,5,500.000000,1000.000000,3.000000,150.000000,120.000000,6.000000,512,10000.000000,200.000000,164,1,10,148,1197,8,0.609756,0.001280,0.130954,0.000000,-1.000000,1,0.881390,4.297002,16.972000
s6_depth,adaptive,2,50,5,500.000000,1000.000000,3.000000,150.000000,120.000000,6.000000,512,10000.000000,200.000000,164,33,55,134,1263,16,20.121951,0.560640,4.465514,3.212121,-1.000000,1,0.885781,4.557431,18.742000
s6_depth,adaptive,3,50,5,500.000000,1000.000000,3.000000,150.000000,120.000000,6.000000,512,10000.000000,200.000000,165,6,8,153,1250,14,3.636364,0.084480,2.152264,1.333333,-1.000000,1,0.857581,5.221499,16.926000
s6_depth,adaptive,5,50,5,500.000000,1000.000000,3.000000,150.000000,120.000000,6.000000,512,10000.000000,200.000000,165,0,0,137,1153,7,0.000000,0.000000,0.000000,0.000000,-1.000000,1,0.930531,2.219220,15.398000
s6_depth,adaptive,4,50,5,500.000000,1000.000000,3.000000,150.000000,120.000000,6.000000,512,10000.000000,200.000000,163,54,58,143,1273,9,33.128834,0.875520,1.199019,0.444444,-1.000000,1,0.905398,3.619032,18.178000
s6_depth,adaptive,6,50,5,500.000000,1000.000000,3.000000,150.000000,120.000000,6.000000,512,10000.000000,200.000000,165,2,12,158,1123,2,1.212121,0.002560,0.125756,0.000000,-1.000000,1,0.940628,1.851078,15.112000
s6_depth,adaptive,7,50,5,500.000000,1000.000000,3.000000,150.000000,120.000000,6.000000,512,10000.000000,200.000000,165,2,12,164,1184,6,1.212121,0.002560,0.129730,0.000000,-1.000000,1,0.886628,4.043193,16.760000
s6_depth,adaptive,8,50,5,500.000000,1000.000000,3.000000,150.000000,120.000000,6.000000,512,10000.000000,200.000000,164,17,28,146,1196,9,10.365854,0.194560,0.792947,0.235294,-1.000000,1,0.919099,2.826099,16.730000
s6_depth,adaptive,9,50,5,500.000000,1000.000000,3.000000,150.000000,120.000000,6.000000,512,10000.000000,200.000000,163,55,54,113,1207,14,33.742331,1.011200,0.987657,0.163636,-1.000000,1,0.857393,5.086889,16.466000
s6_depth,adaptive,10,50,5,500.000000,1000.000000,3.000000,150.000000,120.000000,6.000000,512,10000.000000,200.000000,165,9,56,156,1095,6,5.454545,0.011520,0.126333,0.000000,-1.000000,1,0.961437,1.182126,15.026000
s6_depth,adaptive,11,50,5,500.000000,1000.000000,3.000000,150.000000,120.000000,6.000000,512,10000.000000,200.000000,165,25,33,142,1131,9,15.151515,0.396800,1.048313,0.280000,-1.000000,1,0.888068,3.873719,16.278000
s6_depth,adaptive,12,50,5,500.000000,1000.000000,3.000000,150.000000,120.000000,6.000000,512,10000.000000,200.000000,165,10,16,158,1152,5,6.060606,0.089600,1.168724,0.600000,-1.000000,1,0.928071,2.375397,15.896000
s6_depth,adaptive,13,50,5,500.000000,1000.000000,3.000000,150.000000,120.000000,6.000000,512,10000.000000,200.000000,165,41,43,136,1209,5,24.848485,0.686080,1.907691,1.024390,-1.000000,1,0.897441,3.700133,17.064000
s6_depth,adaptive,14,50,5,500.000000,1000.000000,3.000000,150.000000,120.000000,6.000000,512,10000.000000,200.000000,165,2,6,159,1132,9,1.212121,0.002560,0.124998,0.000000,-1.000000,1,0.920736,2.465408,14.910000
s6_depth,adaptive,15,50,5,500.000000,1000.000000,3.000000,150.000000,120.000000,6.000000,512,10000.000000,200.000000,164,6,22,154,1089,7,3.658537,0.065280,2.290648,1.500000,-1.000000,1,0.958856,1.183643,14.082000
s6_depth,adaptive,17,50,5,500.000000,1000.000000,3.000000,150.000000,120.000000,6.000000,512,10000.000000,200.000000,163,0,0,167,1158,6,0.000000,0.000000,0.000000,0.000000,-1.000000,1,0.912482,2.883517,15.720000
s6_depth,adaptive,16,50,5,500.000000,1000.000000,3.000000,150.000000,120.000000,6.000000,512,10000.000000,200.000000,165,3,13,156,1127,12,1.818182,0.003840,0.119172,0.000000,-1.000000,1,0.933499,2.129988,15.464000
s6_depth,adaptive,18,50,5,500.000000,1000.000000,3.000000,150.000000,120.000000,6.000000,512,10000.000000,200.000000,165,7,13,119,1209,14,4.242424,0.085760,1.725973,1.000000,-1.000000,1,0.909281,3.180410,16.696000
s6_depth,adaptive,19,50,5,500.000000,1000.000000,3.000000,150.000000,120.000000,6.000000,512,10000.000000,200.000000,165,3,1,141,1122,3,1.818182,0.023040,2.718640,2.000000,-1.000000,1,0.947196,1.649332,15.194000
s6_depth,adaptive,20,50,5,500.000000,1000.000000,3.000000,150.000000,120.000000,6.000000,512,10000.000000,200.000000,164,22,17,126,1184,11,13.414634,0.392960,0.773971,0.000000,-1.000000,1,0.935104,2.221775,16.544000
s6_depth,vbf,1,50,5,500.000000,1000.000000,3.000000,150.000000,120.000000,6.000000,512,10000.000000,200.000000,164,0,0,0,366,0,0.000000,0.000000,0.000000,0.000000,-1.000000,1,0.400442,11.670780,5.566000
s6_depth,vbf,2,50,5,500.000000,1000.000000,3.000000,150.000000,120.000000,6.000000,512,10000.000000,200.000000,164,5,17,0,404,0,3.048780,0.108400,9.901150,1.000000,-1.000000,1,0.460570,11.033693,6.450000
s6_depth,vbf,3,50,5,500.000000,1000.000000,3.000000,150.000000,120.000000,6.000000,512,10000.000000,200.000000,165,1,3,0,400,0,0.606061,0.021680,4.311703,1.000000,-1.000000,1,0.435287,11.537241,6.196000
s6_depth,vbf,4,50,5,500.000000,1000.000000,3.000000,150.000000,120.000000,6.000000,512,10000.000000,200.000000,163,8,67,0,452,0,4.907975,0.173440,2.377499,1.000000,-1.000000,1,0.477011,11.303241,6.980000
s6_depth,vbf,5,50,5,500.000000,1000.000000,3.000000,150.000000,120.000000,6.000000,512,10000.000000,200.000000,165,0,0,0,310,0,0.000000,0.000000,0.000000,0.000000,-1.000000,1,0.377158,10.033983,4.412000
s6_depth,vbf,6,50,5,500.000000,1000.000000,3.000000,150.000000,120.000000,6.000000,512,10000.000000,200.000000,165,0,0,0,331,0,0.000000,0.000000,0.000000,0.000000,-1.000000,1,0.421467,9.209660,4.720000
s6_depth,vbf,7,50,5,500.000000,1000.000000,3.000000,150.000000,120.000000,6.000000,512,10000.000000,200.000000,165,0,0,0,305,0,0.000000,0.000000,0.000000,0.000000,-1.000000,1,0.341149,12.049262,4.652000
s6_depth,vbf,8,50,5,500.000000,1000.000000,3.000000,150.000000,120.000000,6.000000,512,10000.000000,200.000000,164,2,6,0,338,0,1.219512,0.043360,2.774027,1.000000,-1.000000,1,0.397335,10.461527,4.936000
s6_depth,vbf,9,50,5,500.000000,1000.000000,3.000000,150.000000,120.000000,6.000000,512,10000.000000,200.000000,163,5,70,0,372,0,3.067485,0.108400,2.151218,1.000000,-1.000000,1,0.364579,13.504029,5.678000
s6_depth,vbf,10,50,5,500.000000,1000.000000,3.000000,150.000000,120.000000,6.000000,512,10000.000000,200.000000,165,0,0,0,247,0,0.000000,0.000000,0.000000,0.000000,-1.000000,1,0.300564,10.271989,3.394000
s6_depth,vbf,11,50,5,500.000000,1000.000000,3.000000,150.000000,120.000000,6.000000,512,10000.000000,200.000000,165,3,23,0,284,0,1.818182,0.065040,3.990220,1.000000,-1.000000,1,0.337803,11.817009,4.506000
s6_depth,vbf,12,50,5,500.000000,1000.000000,3.000000,150.000000,120.000000,6.000000,512,10000.000000,200.000000,165,1,4,0,333,0,0.606061,0.021680,4.661623,1.000000,-1.000000,1,0.429346,9.198718,4.842000
s6_depth,vbf,13,50,5,500.000000,1000.000000,3.000000,150.000000,120.000000,6.000000,512,10000.000000,200.000000,165,5,33,0,386,0,3.030303,0.108400,3.915974,1.000000,-1.000000,1,0.434044,11.316458,6.052000
s6_depth,vbf,14,50,5,500.000000,1000.000000,3.000000,150.000000,120.000000,6.000000,512,10000.000000,200.000000,165,1,0,0,257,0,0.606061,0.021680,0.941630,1.000000,-1.000000,1,0.223496,15.354083,3.612000
s6_depth,vbf,15,50,5,500.000000,1000.000000,3.000000,150.000000,120.000000,6.000000,512,10000.000000,200.000000,164,2,5,0,240,0,1.219512,0.043360,7.571759,1.000000,-1.000000,1,0.229864,13.292868,3.226000
s6_depth,vbf,17,50,5,500.000000,1000.000000,3.000000,150.000000,120.000000,6.000000,512,10000.000000,200.000000,163,0,0,0,354,0,0.000000,0.000000,0.000000,0.000000,-1.000000,1,0.400813,10.885216,5.198000
s6_depth,vbf,16,50,5,500.000000,1000.000000,3.000000,150.000000,120.000000,6.000000,512,10000.000000,200.000000,165,0,0,0,295,0,0.000000,0.000000,0.000000,0.000000,-1.000000,1,0.345751,11.072204,4.348000
s6_depth,vbf,18,50,5,500.000000,1000.000000,3.000000,150.000000,120.000000,6.000000,512,10000.000000,200.000000,165,2,9,0,361,0,1.212121,0.043360,4.344091,1.000000,-1.000000,1,0.410200,10.892460,5.372000
s6_depth,vbf,19,50,5,500.000000,1000.000000,3.000000,150.000000,120.000000,6.000000,512,10000.000000,200.000000,165,1,1,0,281,0,0.606061,0.021680,8.889742,1.000000,-1.000000,1,0.229230,15.921054,3.852000
s6_depth,vbf,20,50,5,500.000000,1000.000000,3.000000,150.000000,120.000000,6.000000,512,10000.000000,200.000000,164,2,33,0,333,0,1.219512,0.043360,2.790278,1.000000,-1.000000,1,0.468011,8.540358,5.118000
s6_depth,hhvbf,1,50,5,500.000000,1000.000000,3.000000,150.000000,120.000000,6.000000,512,10000.000000,200.000000,164,0,0,0,401,0,0.000000,0.000000,0.000000,0.000000,-1.000000,1,0.422478,11.900380,6.120000
s6_depth,hhvbf,2,50,5,500.000000,1000.000000,3.000000,150.000000,120.000000,6.000000,512,10000.000000,200.000000,164,5,21,0,429,0,3.048780,0.108400,8.142677,1.000000,-1.000000,1,0.466876,11.356647,6.780000
s6_depth,hhvbf,3,50,5,500.000000,1000.000000,3.000000,150.000000,120.000000,6.000000,512,10000.000000,200.000000,165,1,3,0,426,0,0.606061,0.021680,4.329917,1.000000,-1.000000,1,0.454905,11.474759,6.582000
s6_depth,hhvbf,4,50,5,500.000000,1000.000000,3.000000,150.000000,120.000000,6.000000,512,10000.000000,200.000000,163,9,72,0,489,0,5.521472,0.195120,2.682967,1.000000,-1.000000,1,0.504268,11.153133,7.542000
s6_depth,hhvbf,5,50,5,500.000000,1000.000000,3.000000,150.000000,120.000000,6.000000,512,10000.000000,200.000000,165,0,0,0,341,0,0.000000,0.000000,0.000000,0.000000,-1.000000,1,0.391510,10.506400,4.858000
s6_depth,hhvbf,6,50,5,500.000000,1000.000000,3.000000,150.000000,120.000000,6.000000,512,10000.000000,200.000000,165,0,0,0,348,0,0.000000,0.000000,0.000000,0.000000,-1.000000,1,0.449283,8.903739,5.012000
s6_depth,hhvbf,7,50,5,500.000000,1000.000000,3.000000,150.000000,120.000000,6.000000,512,10000.000000,200.000000,165,0,0,0,330,0,0.000000,0.000000,0.000000,0.000000,-1.000000,1,0.364699,11.876922,4.996000
s6_depth,hhvbf,8,50,5,500.000000,1000.000000,3.000000,150.000000,120.000000,6.000000,512,10000.000000,200.000000,164,2,5,0,360,0,1.219512,0.043360,2.775999,1.000000,-1.000000,1,0.424683,10.159607,5.264000
s6_depth,hhvbf,10,50,5,500.000000,1000.000000,3.000000,150.000000,120.000000,6.000000,512,10000.000000,200.000000,165,0,0,0,289,0,0.000000,0.000000,0.000000,0.000000,-1.000000,1,0.376075,9.045125,3.962000
s6_depth,hhvbf,9,50,5,500.000000,1000.000000,3.000000,150.000000,120.000000,6.000000,512,10000.000000,200.000000,163,5,70,0,411,0,3.067485,0.108400,2.151218,1.000000,-1.000000,1,0.403410,12.917646,6.224000
s6_depth,hhvbf,11,50,5,500.000000,1000.000000,3.000000,150.000000,120.000000,6.000000,512,10000.000000,200.000000,165,3,23,0,288,0,1.818182,0.065040,3.969142,1.000000,-1.000000,1,0.343516,11.518060,4.486000
s6_depth,hhvbf,12,50,5,500.000000,1000.000000,3.000000,150.000000,120.000000,6.000000,512,10000.000000,200.000000,165,3,4,0,388,0,1.818182,0.065040,8.232788,1.000000,-1.000000,1,0.508234,8.222055,5.634000
s6_depth,hhvbf,13,50,5,500.000000,1000.000000,3.000000,150.000000,120.000000,6.000000,512,10000.000000,200.000000,165,5,38,0,409,0,3.030303,0.108400,3.870736,1.000000,-1.000000,1,0.448288,11.361158,6.374000
s6_depth,hhvbf,14,50,5,500.000000,1000.000000,3.000000,150.000000,120.000000,6.000000,512,10000.000000,200.000000,165,1,0,0,265,0,0.606061,0.021680,0.941630,1.000000,-1.000000,1,0.238489,14.734739,3.726000
s6_depth,hhvbf,15,50,5,500.000000,1000.000000,3.000000,150.000000,120.000000,6.000000,512,10000.000000,200.000000,164,2,6,0,244,0,1.219512,0.043360,9.059820,1.000000,-1.000000,1,0.233589,13.251295,3.274000
s6_depth,hhvbf,16,50,5,500.000000,1000.000000,3.000000,150.000000,120.000000,6.000000,512,10000.000000,200.000000,165,0,0,0,301,0,0.000000,0.000000,0.000000,0.000000,-1.000000,1,0.355676,10.923708,4.448000
s6_depth,hhvbf,17,50,5,500.000000,1000.000000,3.000000,150.000000,120.000000,6.000000,512,10000.000000,200.000000,163,0,0,0,394,0,0.000000,0.000000,0.000000,0.000000,-1.000000,1,0.424165,11.035912,5.708000
s6_depth,hhvbf,18,50,5,500.000000,1000.000000,3.000000,150.000000,120.000000,6.000000,512,10000.000000,200.000000,165,2,9,0,404,0,1.212121,0.043360,4.389423,1.000000,-1.000000,1,0.466938,10.054730,6.004000
s6_depth,hhvbf,20,50,5,500.000000,1000.000000,3.000000,150.000000,120.000000,6.000000,512,10000.000000,200.000000,164,2,34,0,386,0,1.219512,0.043360,2.726488,1.000000,-1.000000,1,0.524294,8.209693,5.936000
s6_depth,hhvbf,19,50,5,500.000000,1000.000000,3.000000,150.000000,120.000000,6.000000,512,10000.000000,200.000000,165,1,6,0,329,0,0.606061,0.021680,8.258695,1.000000,-1.000000,1,0.285762,14.577154,4.536000
s6_depth,dbr,2,50,5,500.000000,1000.000000,3.000000,150.000000,120.000000,6.000000,512,10000.000000,200.000000,164,3,0,0,197,0,1.829268,0.005640,81.986826,4.666667,-1.000000,1,0.278116,10.436871,3.146000
s6_depth,dbr,1,50,5,500.000000,1000.000000,3.000000,150.000000,120.000000,6.000000,512,10000.000000,200.000000,164,0,0,0,199,0,0.000000,0.000000,0.000000,0.000000,-1.000000,1,0.276629,10.749378,3.220000
s6_depth,dbr,3,50,5,500.000000,1000.000000,3.000000,150.000000,120.000000,6.000000,512,10000.000000,200.000000,165,0,0,0,204,0,0.000000,0.000000,0.000000,0.000000,-1.000000,1,0.289984,9.987119,3.162000
s6_depth,dbr,4,50,5,500.000000,1000.000000,3.000000,150.000000,120.000000,6.000000,512,10000.000000,200.000000,163,3,29,0,204,0,1.840491,0.005640,59.669232,0.333333,-1.000000,1,0.300991,9.958418,3.296000
s6_depth,dbr,5,50,5,500.000000,1000.000000,3.000000,150.000000,120.000000,6.000000,512,10000.000000,200.000000,165,0,0,0,198,0,0.000000,0.000000,0.000000,0.000000,-1.000000,1,0.236328,11.074335,2.772000
s6_depth,dbr,6,50,5,500.000000,1000.000000,3.000000,150.000000,120.000000,6.000000,512,10000.000000,200.000000,165,0,0,0,200,0,0.000000,0.000000,0.000000,0.000000,-1.000000,1,0.259072,10.557728,2.932000
s6_depth,dbr,7,50,5,500.000000,1000.000000,3.000000,150.000000,120.000000,6.000000,512,10000.000000,200.000000,165,0,0,0,194,0,0.000000,0.000000,0.000000,0.000000,-1.000000,1,0.247596,11.085606,2.924000
s6_depth,dbr,8,50,5,500.000000,1000.000000,3.000000,150.000000,120.000000,6.000000,512,10000.000000,200.000000,164,2,5,0,198,0,1.219512,0.003760,121.716165,0.500000,-1.000000,1,0.251521,11.046234,2.966000
s6_depth,dbr,9,50,5,500.000000,1000.000000,3.000000,150.000000,120.000000,6.000000,512,10000.000000,200.000000,163,4,51,0,193,0,2.453988,0.007520,73.515902,0.500000,-1.000000,1,0.255022,11.467892,3.128000
s6_depth,dbr,10,50,5,500.000000,1000.000000,3.000000,150.000000,120.000000,6.000000,512,10000.000000,200.000000,165,2,0,0,196,0,1.212121,0.003760,170.254120,2.500000,-1.000000,1,0.224349,11.335936,2.678000
s6_depth,dbr,12,50,5,500.000000,1000.000000,3.000000,150.000000,120.000000,6.000000,512,10000.000000,200.000000,165,0,0,0,199,0,0.000000,0.000000,0.000000,0.000000,-1.000000,1,0.228922,11.499188,2.778000
s6_depth,dbr,11,50,5,500.000000,1000.000000,3.000000,150.000000,120.000000,6.000000,512,10000.000000,200.000000,165,2,16,0,204,0,1.212121,0.003760,127.216552,0.500000,-1.000000,1,0.289369,10.189570,3.218000
s6_depth,dbr,13,50,5,500.000000,1000.000000,3.000000,150.000000,120.000000,6.000000,512,10000.000000,200.000000,165,1,9,0,199,0,0.606061,0.001880,145.418747,0.000000,-1.000000,1,0.264796,10.830061,3.084000
s6_depth,dbr,14,50,5,500.000000,1000.000000,3.000000,150.000000,120.000000,6.000000,512,10000.000000,200.000000,165,1,1,0,194,0,0.606061,0.001880,5.889630,0.000000,-1.000000,1,0.204655,12.977429,2.772000
s6_depth,dbr,15,50,5,500.000000,1000.000000,3.000000,150.000000,120.000000,6.000000,512,10000.000000,200.000000,164,0,0,0,196,0,0.000000,0.000000,0.000000,0.000000,-1.000000,1,0.207797,12.257439,2.662000
s6_depth,dbr,17,50,5,500.000000,1000.000000,3.000000,150.000000,120.000000,6.000000,512,10000.000000,200.000000,163,0,0,0,197,0,0.000000,0.000000,0.000000,0.000000,-1.000000,1,0.258367,10.814626,2.994000
s6_depth,dbr,16,50,5,500.000000,1000.000000,3.000000,150.000000,120.000000,6.000000,512,10000.000000,200.000000,165,0,0,0,194,0,0.000000,0.000000,0.000000,0.000000,-1.000000,1,0.228052,11.622739,2.796000
s6_depth,dbr,18,50,5,500.000000,1000.000000,3.000000,150.000000,120.000000,6.000000,512,10000.000000,200.000000,165,1,0,0,205,0,0.606061,0.001880,7.609832,1.000000,-1.000000,1,0.252372,11.211720,3.022000
s6_depth,dbr,19,50,5,500.000000,1000.000000,3.000000,150.000000,120.000000,6.000000,512,10000.000000,200.000000,165,0,0,0,191,0,0.000000,0.000000,0.000000,0.000000,-1.000000,1,0.185710,13.569473,2.610000
s6_depth,dbr,20,50,5,500.000000,1000.000000,3.000000,150.000000,120.000000,6.000000,512,10000.000000,200.000000,164,1,31,0,202,0,0.609756,0.001880,5.851389,0.000000,-1.000000,1,0.294190,9.780667,3.150000
